data_label,shop,shop_age_months,shop_total_sales,listing_id,title,listing_age_months,price,est_12mo_units,est_12mo_revenue,trend_12mo,last_3_months,queries,job_cluster_grouping,buyer_job,format,classification,rule
EVERBEE ESTIMATE — NOT ETSY TRANSACTION DATA,CustomGroupGifts,19.0,"8,825",4301730234,ADHD Adult Digital Budget Planner Google Sheets Monthly Bill Tracker Personal Income Expense  Weekly Paycheck Journal Debt Payoff Tool 2026,17.0,$1.94,"3,396","$6,588.00",352 375 713 756 181 430 141 159 217 54 9 9,54 9 9,adhd;broad;budget;planner;tracker,PERSONAL_BUDGET,"Bills, budget & paycheck",Sheets,CLEAN,"CLEAN: shop 19 Mo.<=24mo; shop sales 8,825<=15,000; units 3,396>=100; active 12/12>=8; last3 72>0; not PLR (title+shop); contribution 0.385>=0.05"
EVERBEE ESTIMATE — NOT ETSY TRANSACTION DATA,LifePrintableStore,19.0,"3,824",4398687250,"ADHD Cleaning Planner Bundle, ADHD Cleaning Checklist, ADHD Chore Chart, Home Cleaning Schedule, Family Chore Chart, Declutter, Editable Pdf",11.0,$6.70,"2,621","$17,561.00",0 15 37 129 329 734 523 423 230 104 52 45,104 52 45,adhd;broad;checklist;cleaning;planner,CLEANING_HOME,Cleaning & chore system,PDF,CLEAN,"CLEAN: shop 19 Mo.<=24mo; shop sales 3,824<=15,000; units 2,621>=100; active 11/12>=8; last3 201>0; not PLR (title+shop); contribution 0.685>=0.05"
EVERBEE ESTIMATE — NOT ETSY TRANSACTION DATA,SavvySheetsStudio8,18.0,"8,271",4336988306,"ADHD Cleaning Planner Bundle, ADHD Home Organization, Master Cleaning Checklist, Family Chore Chart, House Cleaning Schedule, Deep Cleaning",15.0,$1.65,"1,894","$3,125.00",640 454 191 237 40 101 91 56 14 28 42 0,28 42 0,adhd;broad;checklist;cleaning;planner,CLEANING_HOME,Cleaning & chore system,unstated,CLEAN,"CLEAN: shop 18 Mo.<=24mo; shop sales 8,271<=15,000; units 1,894>=100; active 11/12>=8; last3 70>0; not PLR (title+shop); contribution 0.229>=0.05"
EVERBEE ESTIMATE — NOT ETSY TRANSACTION DATA,PlanMindco,15.0,"3,547",4345259108,"ADHD Digital Planner, Adult ADHD Planner, 2026 Digital Planner, Neurodivergent Planner, Daily ADHD Planner, Goodnotes Planner, Adhd Planner",14.0,$8.30,"1,640","$13,612.00",188 410 254 222 44 104 138 82 56 64 48 30,64 48 30,adhd;planner,LIFE_PLANNER,Daily / weekly planner,Digital planner (Goodnotes/Notability),CLEAN,"CLEAN: shop 15 Mo.<=24mo; shop sales 3,547<=15,000; units 1,640>=100; active 12/12>=8; last3 142>0; not PLR (title+shop); contribution 0.462>=0.05"
EVERBEE ESTIMATE — NOT ETSY TRANSACTION DATA,EzPlanningStudio,19.0,"5,326",4301406396,Ongoing Monthly Bill Spreadsheet • ADHD Friendly Budget Tracker for Google Sheets & Excel • No Annual Reset • Beginner Financial Planner,17.0,$7.88,764,"$6,275.00",54 63 80 136 117 148 103 27 7 5 8 16,5 8 16,adhd;budget;planner;spreadsheet;tracker,PERSONAL_BUDGET,"Bills, budget & paycheck",Sheets+Excel,CLEAN,"CLEAN: shop 19 Mo.<=24mo; shop sales 5,326<=15,000; units 764>=100; active 12/12>=8; last3 29>0; not PLR (title+shop); contribution 0.143>=0.05"
EVERBEE ESTIMATE — NOT ETSY TRANSACTION DATA,TheTreasuredTreetop,19.0,"2,865",4364964630,"ADHD Cleaning Planner Bundle | 80+ Editable Checklists & Schedules | Declutter Challenge, Chore Chart, Deep Cleaning Cards | Canva | PDF",12.0,$7.99,722,"$5,769.00",1 122 163 167 121 85 32 13 10 5 0 3,5 0 3,adhd;checklist;cleaning;planner,CLEANING_HOME,Cleaning & chore system,hybrid (Canva+PDF),CLEAN,"CLEAN: shop 19 Mo.<=24mo; shop sales 2,865<=15,000; units 722>=100; active 11/12>=8; last3 8>0; not PLR (title+shop); contribution 0.252>=0.05"
EVERBEE ESTIMATE — NOT ETSY TRANSACTION DATA,BossMeansBusiness,22.0,"1,090",4345399859,Weekly Planner Google sheets | ADHD Planner & Productivity Tracker | Digital download,13.0,$11.34,609,"$6,906.00",37 53 42 12 0 54 76 69 101 69 66 30,69 66 30,adhd;planner;tracker,LIFE_PLANNER,Daily / weekly planner,Sheets,CLEAN,"CLEAN: shop 22 Mo.<=24mo; shop sales 1,090<=15,000; units 609>=100; active 11/12>=8; last3 165>0; not PLR (title+shop); contribution 0.559>=0.05"
EVERBEE ESTIMATE — NOT ETSY TRANSACTION DATA,PlanMindco,15.0,"3,547",4345176337,"ADHD Digital Planner (made by an ADHD Coach) for Goodnotes, iPad & Android. Adhd Digital Planner, Planner Adhd, Adult ADHD daily planner",14.0,$12.45,518,"$6,449.00",14 30 90 76 54 62 66 70 16 40 0 0,40 0 0,adhd;planner,LIFE_PLANNER,Daily / weekly planner,Digital planner (Goodnotes/Notability),CLEAN,"CLEAN: shop 15 Mo.<=24mo; shop sales 3,547<=15,000; units 518>=100; active 10/12>=8; last3 40>0; not PLR (title+shop); contribution 0.146>=0.05"
EVERBEE ESTIMATE — NOT ETSY TRANSACTION DATA,Heart2HeartbyYoli,13.0,"2,913",4384794964,ADHD Budget Planner Google Sheets Monthly Bill Tracker Personal Income Expense Weekly Paycheck budget,12.0,$2.99,512,"$1,531.00",18 114 88 22 22 56 54 22 15 7 25 69,7 25 69,adhd;budget;planner;tracker,PERSONAL_BUDGET,"Bills, budget & paycheck",Sheets,CLEAN,"CLEAN: shop 13 Mo.<=24mo; shop sales 2,913<=15,000; units 512>=100; active 12/12>=8; last3 101>0; not PLR (title+shop); contribution 0.176>=0.05"
EVERBEE ESTIMATE — NOT ETSY TRANSACTION DATA,BaileysWonderland,12.0,588,4424561599,ADHD EDITABLE digital cleaning schedule checklist,10.0,$2.99,474,"$1,417.00",0 0 1 6 10 16 56 125 46 75 81 58,75 81 58,adhd;checklist;cleaning,CLEANING_HOME,Cleaning & chore system,unstated,CLEAN,"CLEAN: shop 12 Mo.<=24mo; shop sales 588<=15,000; units 474>=100; active 10/12>=8; last3 214>0; not PLR (title+shop); contribution 0.806>=0.05"
EVERBEE ESTIMATE — NOT ETSY TRANSACTION DATA,NeurodivergentHQ,10.0,558,4440940588,Start Anytime ADHD Workbook | Undated Goal Setting | Fillable A4 PDF,8.0,$15.00,379,"$5,685.00",0 0 0 0 2 128 26 70 93 6 14 40,6 14 40,adhd,OTHER,"Habits, goals & routines",PDF,CLEAN,"CLEAN: shop 10 Mo.<=24mo; shop sales 558<=15,000; units 379>=100; active 8/12>=8; last3 60>0; not PLR (title+shop); contribution 0.679>=0.05"
EVERBEE ESTIMATE — NOT ETSY TRANSACTION DATA,Craftoking365,12.0,463,4445068257,"ADHD Mega Planner Bundle, 300+ Pages, Productivity Journal (Printable PDF)",9.0,$1.99,371,$746.00,0 0 0 1 18 41 64 91 46 33 44 33,33 44 33,adhd,LIFE_PLANNER,Daily / weekly planner,PDF,CLEAN,"CLEAN: shop 12 Mo.<=24mo; shop sales 463<=15,000; units 371>=100; active 9/12>=8; last3 110>0; not PLR (title+shop); contribution 0.801>=0.05"
EVERBEE ESTIMATE — NOT ETSY TRANSACTION DATA,MadeForFunction,16.0,"3,073",4397631948,"Whole Shop ADHD Brain Dump Bundle | Executive Function, Thought Organizer, To-Do List, Task Tracker & Productivity Printables",11.0,$37.00,274,"$14,082.00",0 10 51 38 32 28 26 24 16 8 23 18,8 23 18,adhd;tracker,PARTY_GIFT_DECOR,Brain dump / task paralysis / prioritising,PDF,CLEAN,"CLEAN: shop 16 Mo.<=24mo; shop sales 3,073<=15,000; units 274>=100; active 11/12>=8; last3 49>0; not PLR (title+shop); contribution 0.089>=0.05"
EVERBEE ESTIMATE — NOT ETSY TRANSACTION DATA,Templix8,13.0,"4,727",4399348526,"ADHD Brain Reset Bundle, ADHD Organization, Brain Dump Worksheet, ADHD Task Tracker, Adhd Focus Planner, Time Blocking, Mental Health Plan",11.0,$3.96,255,"$1,010.00",0 0 17 0 17 0 17 51 82 37 17 17,37 17 17,adhd;tracker,KIDS_EDU_CONTENT,(not counted in depth: excluded/other),unstated,CLEAN,"CLEAN: shop 13 Mo.<=24mo; shop sales 4,727<=15,000; units 255>=100; active 8/12>=8; last3 71>0; not PLR (title+shop); contribution 0.054>=0.05"
EVERBEE ESTIMATE — NOT ETSY TRANSACTION DATA,AravellaCreative,14.0,"1,966",4351806969,"Habit Tracker Spreadsheet, Daily Routine & Goal Planner for Google Sheets and Excel, ADHD Planner",14.0,$3.47,235,$815.00,18 0 9 27 18 72 18 37 18 0 18 0,0 18 0,adhd;spreadsheet,LIFE_PLANNER,"Habits, goals & routines",Sheets+Excel,CLEAN,"CLEAN: shop 14 Mo.<=24mo; shop sales 1,966<=15,000; units 235>=100; active 9/12>=8; last3 18>0; not PLR (title+shop); contribution 0.12>=0.05"
EVERBEE ESTIMATE — NOT ETSY TRANSACTION DATA,TemplateMuseAlchemy,19.0,976,4428525302,Notion Life Planner Template: Second Brain for ADHD | All-in-One Life Management System | 140+ Pages | Reuse for Life (Digital Download),9.0,$46.00,217,"$10,032.00",0 0 0 29 47 35 32 24 24 10 5 11,10 5 11,adhd;notion,LIFE_PLANNER,Life OS / second brain (all-in-one),Notion,CLEAN,"CLEAN: shop 19 Mo.<=24mo; shop sales 976<=15,000; units 217>=100; active 9/12>=8; last3 26>0; not PLR (title+shop); contribution 0.222>=0.05"
EVERBEE ESTIMATE — NOT ETSY TRANSACTION DATA,SoulsArchive,13.0,894,4388378293,Undated ADHD Witchy Digital Planner - Fully Hyperlinked,12.0,$8.18,215,"$1,759.00",12 0 60 83 0 12 0 24 12 0 4 8,0 4 8,adhd,LIFE_PLANNER,Daily / weekly planner,Digital planner (Goodnotes/Notability),CLEAN,"CLEAN: shop 13 Mo.<=24mo; shop sales 894<=15,000; units 215>=100; active 8/12>=8; last3 12>0; not PLR (title+shop); contribution 0.24>=0.05"
EVERBEE ESTIMATE — NOT ETSY TRANSACTION DATA,TrackifyPremium,21.0,"1,097",4383026537,"ADHD Book and Series Tracker Spreadsheet, Reading Journal, Digital Library (Google Sheets)",12.0,$8.78,189,"$1,659.00",0 0 16 4 0 14 60 26 33 26 10 0,26 10 0,adhd;spreadsheet,LIFE_PLANNER,Reading tracker (hobby),Sheets,CLEAN,"CLEAN: shop 21 Mo.<=24mo; shop sales 1,097<=15,000; units 189>=100; active 8/12>=8; last3 36>0; not PLR (title+shop); contribution 0.172>=0.05"
EVERBEE ESTIMATE — NOT ETSY TRANSACTION DATA,TheTreasuredTreetop,19.0,"2,865",4395397231,"ADHD Cleaning Planner Bundle | 80+ Editable Checklists & Schedules | Declutter Challenge, Chore Chart, Deep Cleaning Cards | Canva | PDF",11.0,$9.99,174,"$1,738.00",0 0 45 57 46 8 9 2 1 3 1 2,3 1 2,adhd;checklist;cleaning,CLEANING_HOME,Cleaning & chore system,hybrid (Canva+PDF),CLEAN,"CLEAN: shop 19 Mo.<=24mo; shop sales 2,865<=15,000; units 174>=100; active 10/12>=8; last3 6>0; not PLR (title+shop); contribution 0.061>=0.05"
EVERBEE ESTIMATE — NOT ETSY TRANSACTION DATA,DragonHoardTemplates,14.0,177,4372860145,"2026 ADHD Notion Gamified RPG Template Digital Planner: Habit Tracking, Goal Setting, ADHD Planner, Reward Based, All in one system",13.0,$29.99,145,"$4,349.00",5 7 13 15 10 8 22 27 14 10 6 8,10 6 8,adhd;notion,LIFE_PLANNER,Life OS / second brain (all-in-one),hybrid (Notion+Digital planner (Goodnotes/Notability)),CLEAN,"CLEAN: shop 14 Mo.<=24mo; shop sales 177<=15,000; units 145>=100; active 12/12>=8; last3 24>0; not PLR (title+shop); contribution 0.819>=0.05"
EVERBEE ESTIMATE — NOT ETSY TRANSACTION DATA,CellRise,14.0,532,4379419140,Eisenhower Matrix Spreadsheet Decision Matrix Google Sheets Task Priority Tracker Urgent Important Matrix ADHD Productivity Planner,12.0,$5.61,144,$808.00,0 0 0 32 16 0 16 2 46 16 10 6,16 10 6,adhd,OTHER,Brain dump / task paralysis / prioritising,Sheets,CLEAN,"CLEAN: shop 14 Mo.<=24mo; shop sales 532<=15,000; units 144>=100; active 8/12>=8; last3 32>0; not PLR (title+shop); contribution 0.271>=0.05"
EVERBEE ESTIMATE — NOT ETSY TRANSACTION DATA,DailyPlansCoStore,19.0,"1,430",4344430063,"Printable Work Day Planner PDF & Canva | To Do Checklist, ADHD Productivity Organizer, Workday Tracker",15.0,$6.19,124,$754.00,6 6 3 10 12 15 13 23 10 11 12 3,11 12 3,adhd;checklist,PARTY_GIFT_DECOR,Brain dump / task paralysis / prioritising,hybrid (Canva+PDF),CLEAN,"CLEAN: shop 19 Mo.<=24mo; shop sales 1,430<=15,000; units 124>=100; active 12/12>=8; last3 26>0; not PLR (title+shop); contribution 0.087>=0.05"
EVERBEE ESTIMATE — NOT ETSY TRANSACTION DATA,fikadoodle,12.0,"8,632",4477569985,"ADHD Cleaning Planner Printable | Cleaning Schedule Checklist PDF | Declutter & Cleaning Routine | Editable Canva, adhd cleaning chore chart",7.0,$6.14,"1,867","$4,252.00",0 0 0 0 0 13 1274 69 109 108 166 128,108 166 128,adhd;checklist;cleaning;planner,CLEANING_HOME,Cleaning & chore system,hybrid (Canva+PDF),NEAR-CLEAN,"NEAR-CLEAN: passes all CLEAN rules except active 7/12<8; listing age 7 Mo.<12 and active >= 0.7*min(listing age,12)=4.9"
EVERBEE ESTIMATE — NOT ETSY TRANSACTION DATA,fikadoodle,12.0,"8,632",4519904565,Editable Cleaning Cards for ADHD | Printable Room-by-Room Cleaning Checklists | 40 Canva Cleaning Cards | Household Chore System,4.0,$0.88,966,$874.00,0 0 0 0 0 0 0 0 57 299 333 277,299 333 277,adhd;checklist;cleaning,CLEANING_HOME,Cleaning & chore system,hybrid (Canva+PDF),NEAR-CLEAN,"NEAR-CLEAN: passes all CLEAN rules except active 4/12<8; listing age 4 Mo.<12 and active >= 0.7*min(listing age,12)=2.8"
EVERBEE ESTIMATE — NOT ETSY TRANSACTION DATA,PlanoraNotion,9.0,"1,661",4510903147,2026 All In One Life Planner Minimal Notion Dashboard Template Aesthetic Daily Personal Planner for ADHD Notion Template Digital Planner,5.0,$19.70,583,"$11,485.00",0 0 0 0 0 0 0 0 27 239 73 244,239 73 244,adhd;notion;planner,LIFE_PLANNER,Life OS / second brain (all-in-one),hybrid (Notion+Digital planner (Goodnotes/Notability)),NEAR-CLEAN,"NEAR-CLEAN: passes all CLEAN rules except active 4/12<8; listing age 5 Mo.<12 and active >= 0.7*min(listing age,12)=3.5"
EVERBEE ESTIMATE — NOT ETSY TRANSACTION DATA,LinkDigitalStudio,15.0,"9,256",4489996178,"Adhd cleaning planner bundle, adhd cleaning schedule, adhd cleaning checklist, adhd cleaning chore chart, editable Adhd cleaning list, Canva",5.0,$8.54,570,"$4,868.00",0 0 0 0 0 0 0 0 120 128 179 143,128 179 143,adhd;checklist;cleaning;planner,CLEANING_HOME,Cleaning & chore system,Canva,NEAR-CLEAN,"NEAR-CLEAN: passes all CLEAN rules except active 4/12<8; listing age 5 Mo.<12 and active >= 0.7*min(listing age,12)=3.5"
EVERBEE ESTIMATE — NOT ETSY TRANSACTION DATA,fikadoodle,12.0,"8,632",4467349369,Editable Cleaning Schedule Printable ADHD Cleaning Planner Daily Weekly Monthly Cleaning Checklist Household Chore Chart Canva Template,7.0,$1.68,432,$531.00,0 0 0 0 0 77 118 83 67 25 32 30,25 32 30,adhd;checklist;cleaning;planner,CLEANING_HOME,Cleaning & chore system,hybrid (Canva+PDF),NEAR-CLEAN,"NEAR-CLEAN: passes all CLEAN rules except active 7/12<8; listing age 7 Mo.<12 and active >= 0.7*min(listing age,12)=4.9"
EVERBEE ESTIMATE — NOT ETSY TRANSACTION DATA,Webudding,17.0,"4,464",4484428726,2026 ADHD Structured All-in-One Planner l Digital Planner Goodnotes Notability Samsung Notes iPad Template Weekly Planner Simple for Focus,3.0,$16.99,306,"$5,199.00",0 0 0 0 0 0 0 144 18 108 18 18,108 18 18,adhd,LIFE_PLANNER,Life OS / second brain (all-in-one),Digital planner (Goodnotes/Notability),NEAR-CLEAN,"NEAR-CLEAN: passes all CLEAN rules except active 5/12<8; listing age 3 Mo.<12 and active >= 0.7*min(listing age,12)=2.1"
EVERBEE ESTIMATE — NOT ETSY TRANSACTION DATA,RichvaleCreatives,10.0,"1,268",4463739434,Task Tracker Spreadsheet To Do List Task Tracker Template Team Project Manager Digital ADHD Productivity Task Manager Excel Google Sheets,8.0,$11.25,231,"$2,599.00",0 0 0 0 0 17 54 39 18 70 33 0,70 33 0,adhd;spreadsheet,PARTY_GIFT_DECOR,Brain dump / task paralysis / prioritising,Sheets+Excel,NEAR-CLEAN,"NEAR-CLEAN: passes all CLEAN rules except active 6/12<8; listing age 8 Mo.<12 and active >= 0.7*min(listing age,12)=5.6"
EVERBEE ESTIMATE — NOT ETSY TRANSACTION DATA,SunnyKiteHill,13.0,"1,688",4466804308,Gamified ADHD Planner Bundle | RPG Fantasy Quest Log & Life Organizer | Neurodivergent Executive Function | Adult Chore Cards Budget Meals,6.0,$11.99,169,"$2,026.00",0 0 0 0 0 0 26 42 49 26 14 12,26 14 12,adhd;budget;log;meal,PERSONAL_BUDGET,"Bills, budget & paycheck",unstated,NEAR-CLEAN,"NEAR-CLEAN: passes all CLEAN rules except active 6/12<8; listing age 6 Mo.<12 and active >= 0.7*min(listing age,12)=4.2"
EVERBEE ESTIMATE — NOT ETSY TRANSACTION DATA,habitualsheets,12.0,"1,460",4459386634,"ADHD Planner Bundle printable, Neurodivergent Brain, Daily, Weekly (Digital Download, US/EU Sizes)",7.0,$7.93,113,$896.00,0 0 0 0 0 0 14 2 41 20 22 14,20 22 14,adhd,LIFE_PLANNER,Daily / weekly planner,PDF,NEAR-CLEAN,"NEAR-CLEAN: passes all CLEAN rules except active 6/12<8; listing age 7 Mo.<12 and active >= 0.7*min(listing age,12)=4.9"
