data_label,listing_id,shop,shop_age_months,shop_total_sales,listing_age_months,est_12mo_units,price,title,adhd_job,grouping_cluster,new_shop_flag,ge30_flag
EVERBEE ESTIMATE — NOT ETSY TRANSACTION DATA,4484428726,Webudding,17.0,"4,464",3.0,306,$16.99,2026 ADHD Structured All-in-One Planner l Digital Planner Goodnotes Notability Samsung Notes iPad Template Weekly Planner Simple for Focus,Life OS / second brain (all-in-one),LIFE_PLANNER,1,1
EVERBEE ESTIMATE — NOT ETSY TRANSACTION DATA,4520192044,ConventionKids,122.0,"55,210",3.0,217,$6.96,Teen/Adult/ADHD Notebook for 'Eternal Happiness' 2026 JW Convention Printable,(none — not an adult life-admin job),PARTY_GIFT_DECOR,0,1
EVERBEE ESTIMATE — NOT ETSY TRANSACTION DATA,4538664912,PsychBlueprints,18.0,493,3.0,70,$8.36,"ADHD Life System Planner | Habits, Goals, Time Lab (Excel Download)",Life OS / second brain (all-in-one),LIFE_PLANNER,1,1
EVERBEE ESTIMATE — NOT ETSY TRANSACTION DATA,4518465057,EverydayApps,10.0,322,3.0,67,$19.00,"ADHD Planner App, ADHD Digital Planner, Executive Function Organizer, Habit Tracker, Time Blocking, Goal Planner for ADHD Adults","Habits, goals & routines",LIFE_PLANNER,1,1
EVERBEE ESTIMATE — NOT ETSY TRANSACTION DATA,4571744366,MasterMoneyBudget,21.0,180,1.0,67,$15.99,ADHD Budget Planner App Beginner-Friendly Paycheck & Monthly Budget Tracker Online + Offline,"Bills, budget & paycheck",PERSONAL_BUDGET,1,1
EVERBEE ESTIMATE — NOT ETSY TRANSACTION DATA,4539344938,LumenResetCo,4.0,87,3.0,66,$12.99,"ADHD Cleaning Cards, Dopamine Task Deck for Overwhelmed Brains, Executive Function Chore System, Printable PDF + Fillable Digital Checklist",Cleaning & chore system,CLEANING_HOME,1,1
EVERBEE ESTIMATE — NOT ETSY TRANSACTION DATA,4528043859,ElthivarDigitalCo,10.0,927,3.0,62,$17.59,Adhd Cleaning Planner Printable Bundle Home Organization Template Digital Household Checklist Daily Routine Schedule Tracker Chore Chart,Cleaning & chore system,CLEANING_HOME,1,1
EVERBEE ESTIMATE — NOT ETSY TRANSACTION DATA,4538377978,EzPlanningStudio,19.0,"5,326",3.0,58,$39.38,"Ultimate Paycheck Budget App • Paycheck Budget, Savings, Debt Payments, Bank Accounts and Credit Cards • Desktop & Mobile • ADHD-friendly","Bills, budget & paycheck",PERSONAL_BUDGET,1,1
EVERBEE ESTIMATE — NOT ETSY TRANSACTION DATA,4541993333,PrezcsentDigitals,13.0,167,3.0,52,$2.50,ADHD Friendly Paycheck Budget Planner Printable | Simple Budget Worksheet | Income Bills Savings Debt Tracker | Instant Download,(none — not an adult life-admin job),PERSONAL_BUDGET,1,1
EVERBEE ESTIMATE — NOT ETSY TRANSACTION DATA,4566331018,SuccessInSocialWork,33.0,"42,519",2.0,52,$8.68,"Rumination  & Intrusive Thoughts Workbook for Overthinking Journal, Anxiety Coping Skills, Counseling Tools CBT DBT ADHD Worksheets",(none — not an adult life-admin job),LIFE_PLANNER,0,1
EVERBEE ESTIMATE — NOT ETSY TRANSACTION DATA,4576168524,TheSoulfulSystems,15.0,254,1.0,51,$3.00,"Decision Fatigue Reset Printable, ADHD Decision Worksheet, Choice Overload & Executive Function Tool, Gentle Planning Sheet",(none — not an adult life-admin job),KIDS_EDU_CONTENT,1,1
EVERBEE ESTIMATE — NOT ETSY TRANSACTION DATA,4535029135,GodsSweetheartStudio,6.0,262,2.0,49,$5.60,"500,000 Mega Bundle Digital Downloads, ADHD Planners, PLR MRR Commercial Use, Worksheets, Canva Templates, Printables, Business Social Media",(none — not an adult life-admin job),CREATOR_MARKETING,1,1
EVERBEE ESTIMATE — NOT ETSY TRANSACTION DATA,4551407529,JoyAjjima,2.0,45,2.0,45,$3.00,"ADHD Cleaning Schedule Printable, Weekly Cleaning Planner, Home Reset Checklist, A4 US Letter PDF",Cleaning & chore system,CLEANING_HOME,1,1
EVERBEE ESTIMATE — NOT ETSY TRANSACTION DATA,4561220401,HappySmartCookie,42.0,682,2.0,45,$1.99,"Decorate Your Own Feelings Monster Worksheet, Emotional Regulation, Calm Corner, ADHD Autism Support",(none — not an adult life-admin job),KIDS_EDU_CONTENT,0,1
EVERBEE ESTIMATE — NOT ETSY TRANSACTION DATA,4539158112,Lovelycoloringclub,13.0,555,3.0,38,$2.00,"ADHD Work From Home Printable Bundle, Home Office Planner, Productivity Planner, Daily Work Planner, Focus Planner, ADHD Printable PDF",Daily / weekly planner,PARTY_GIFT_DECOR,1,1
EVERBEE ESTIMATE — NOT ETSY TRANSACTION DATA,4537043268,ThePurpleCatCo,45.0,684,2.0,37,$39.99,"Home Management Mega Bundle | 1000+ Page Home Planner, Family Command Center, ADHD Home Binder, Lifetime Updates",Life OS / second brain (all-in-one),OTHER,0,1
EVERBEE ESTIMATE — NOT ETSY TRANSACTION DATA,4436122410,ABDigitalsCrafts,14.0,"3,185",3.0,36,$3.75,"Adhd planner for adult,Adhd planner printable, Adhd life planner, adhd digital planner, adhd self care daily planner,Adult ADHD Productivity",Life OS / second brain (all-in-one),LIFE_PLANNER,1,1
EVERBEE ESTIMATE — NOT ETSY TRANSACTION DATA,4534702576,PaperoxStd,19.0,"17,485",3.0,34,$14.98,"My ADHD Executive Functioning Workbook, Teens & Adults ADHD Planner, Printable ADHD Worksheets, Infographics for Understanding the Brain",(none — not an adult life-admin job),LIFE_PLANNER,1,1
EVERBEE ESTIMATE — NOT ETSY TRANSACTION DATA,4544075021,EZSpreadsheets4Life,36.0,"4,862",3.0,34,$2.00,"ADHD Budget Planner Beginner Google Sheets, ADHD Friendly Weekly Budget & Expense Tracker, Neurodivergent Finance Planner (Digital Download)","Bills, budget & paycheck",PERSONAL_BUDGET,0,1
EVERBEE ESTIMATE — NOT ETSY TRANSACTION DATA,4533624320,TheEditReadyStudio,7.0,"1,513",3.0,33,$6.99,"ADHD Life Maintenance Tracker, Adulting Checklist PDF, Home + Self Care Log, Overdue Tasks Planner, Restock Reminder, 6 page Life Admin PDF",Daily / weekly planner,REJECT_RISK,1,1
EVERBEE ESTIMATE — NOT ETSY TRANSACTION DATA,4518951010,phenixdigital,69.0,"106,437",3.0,33,$7.96,"ADHD Planner 2026-2028, Daily Weekly Monthly Digital Planner (Goodnotes iPad)",Daily / weekly planner,LIFE_PLANNER,0,1
EVERBEE ESTIMATE — NOT ETSY TRANSACTION DATA,4567054061,AYxSTUDIOS,73.0,"130,904",1.0,31,$22.23,ADHD Life Planner App All in One Digital Planner Daily Weekly Monthly Calendar Habit Tracker Budget Meal Planner Goal Tracker Works Offline,"Bills, budget & paycheck",PERSONAL_BUDGET,0,1
EVERBEE ESTIMATE — NOT ETSY TRANSACTION DATA,4446977466,HWENTERPRISE,8.0,61,3.0,31,$7.96,"OneNote Digital Planner 2026–2027 & Undated | Hyperlinked OneNote Template for Work, Home, Projects, ADHD | Windows And Surface Pro",Daily / weekly planner,LIFE_PLANNER,1,1
EVERBEE ESTIMATE — NOT ETSY TRANSACTION DATA,4446977227,HWENTERPRISE,8.0,61,3.0,31,$11.96,"2026 OneNote Digital Planner | Hyperlinked Work & Project Planner, Colorful Minimal OneNote Template, ADHD Notebook for Windows And iPad",Daily / weekly planner,LIFE_PLANNER,1,1
EVERBEE ESTIMATE — NOT ETSY TRANSACTION DATA,4561710052,MINOSHStudio,69.0,321,2.0,29,$5.81,"Doing Side Quests Hat Embroidery File, Funny Sarcastic Trucker Cap Pattern, Mental Health Cap, ADHD Awareness Hat, PES DST Digital Download",(none — not an adult life-admin job),CRAFT_PATTERNS,0,0
EVERBEE ESTIMATE — NOT ETSY TRANSACTION DATA,4544370518,HappySmartCookie,42.0,682,3.0,29,$1.99,"My Circle of Control Worksheet, Emotional Regulation, Calm Corner, ADHD Autism Support",(none — not an adult life-admin job),KIDS_EDU_CONTENT,0,0
EVERBEE ESTIMATE — NOT ETSY TRANSACTION DATA,4531750168,MasilDigiDesigns,4.0,85,3.0,28,$8.99,"ADHD Digital Planner 2026–2027, GoodNotes iPad Life & Productivity Planner",Daily / weekly planner,LIFE_PLANNER,1,0
EVERBEE ESTIMATE — NOT ETSY TRANSACTION DATA,4488481575,PsychologistUkraine,25.0,651,3.0,27,$12.60,"Neurodivergence Skills Workbook for Autism and ADHD | Self-Compassion, Burnout Recovery & Emotional Regulation ACT","Habits, goals & routines",OTHER,0,0
EVERBEE ESTIMATE — NOT ETSY TRANSACTION DATA,4548610147,SuccessInSocialWork,33.0,"42,519",2.0,26,$8.68,"Teen ADHD Executive Function Skills  Workbook ADHD Planner and focus Activities for Teens Coping Skills, adhd Printable PDF therapy tool",(none — not an adult life-admin job),LIFE_PLANNER,0,0
EVERBEE ESTIMATE — NOT ETSY TRANSACTION DATA,4555958880,PageAndOrder,4.0,49,1.0,25,$2.49,ADHD Cleaning Checklist | Cleaning Reset Printable for Adults | ADHD Cleaning Planner | Executive Function Quick Tool,Cleaning & chore system,CLEANING_HOME,1,0
EVERBEE ESTIMATE — NOT ETSY TRANSACTION DATA,4576141935,YounityPrints,57.0,119,1.0,25,$10.55,Simplicity in Salah | For Women & Reverts | Visual Hanafi Namaz Book | Step by Step Checklist | Autism ADHD Friendly | PDF | 93 pages,(none — not an adult life-admin job),OTHER,0,0
EVERBEE ESTIMATE — NOT ETSY TRANSACTION DATA,4548871115,Zythera,18.0,141,1.0,24,$3.10,"Funny Weekly Planner Printable, Dumpster Fire Planner PDF, Sarcastic Chaos Organizer, Undated Work Planner, ADHD Planner",Daily / weekly planner,LIFE_PLANNER,1,0
EVERBEE ESTIMATE — NOT ETSY TRANSACTION DATA,4522464621,TheMagnolialily,12.0,442,3.0,23,$12.99,ADHD Close the Loop Bundle | ADHD Printable Planner | Executive Function Workbook | Finish What You Start | Digital Download,"Habits, goals & routines",PARTY_GIFT_DECOR,1,0
EVERBEE ESTIMATE — NOT ETSY TRANSACTION DATA,4559850430,AYxSTUDIOS,73.0,"130,904",2.0,22,$22.23,"ADHD Ultimate Life Planner | All-in-One Digital Planner App | Daily Weekly Planner | Habit, Budget, Meal & Fitness Tracker","Bills, budget & paycheck",PERSONAL_BUDGET,0,0
EVERBEE ESTIMATE — NOT ETSY TRANSACTION DATA,4565916585,BlackCatsMedia,164.0,"276,115",2.0,22,$3.00,"ADHD Friendly Journal Printable Kit, 70-Page ADHD Planner Bundle (A4, A5, US Letter)",Daily / weekly planner,LIFE_PLANNER,0,0
EVERBEE ESTIMATE — NOT ETSY TRANSACTION DATA,4531345100,phenixdigital,69.0,"106,437",2.0,22,$5.68,"All -in-One Digital Planner 2026 2027 2028 ADHD Planner, Goodnotes Planner, iPad Planner, Weekly Monthly Planner, Kawaii Cute Planner",Daily / weekly planner,LIFE_PLANNER,0,0
EVERBEE ESTIMATE — NOT ETSY TRANSACTION DATA,4549146554,DesignAlchem,8.0,361,2.0,22,$4.99,"ADHD Time Blocking Planner, Brain Dump, Daily Schedule, Task Breakdown, Focus Worksheet, Printable PDF",(none — not an adult life-admin job),KIDS_EDU_CONTENT,1,0
EVERBEE ESTIMATE — NOT ETSY TRANSACTION DATA,4568117534,FocusFlowMethods,3.0,22,1.0,22,$20.33,"ADHD Cleaning App | Panic Clean Timer, Cleaning Schedule by Zone, 5 Minute Resets, Meal Planner, Laundry, Home Management | Offline No Login",Cleaning & chore system,CLEANING_HOME,1,0
EVERBEE ESTIMATE — NOT ETSY TRANSACTION DATA,4545148443,DesignAlchem,8.0,361,3.0,22,$4.99,"ADHD Focus Reset Planner Printable, Task Initiation Workbook, Focus Sprint ,Brain Dump, US Letter PDF",Brain dump / task paralysis / prioritising,PARTY_GIFT_DECOR,1,0
EVERBEE ESTIMATE — NOT ETSY TRANSACTION DATA,4537695221,DesignAlchem,8.0,361,3.0,22,$4.99,"Dopamine Planner for ADHD Task Paralysis, Waiting Mode, Body Doubling, Printable US Letter PDF",Brain dump / task paralysis / prioritising,PARTY_GIFT_DECOR,1,0
EVERBEE ESTIMATE — NOT ETSY TRANSACTION DATA,4540625556,JiarnaDigital,5.0,"1,130",3.0,21,$4.04,"ADHD Procrastination Workbook, Task Initiation Worksheets, Productivity Planner (Digital PDF)",(none — not an adult life-admin job),KIDS_EDU_CONTENT,1,0
EVERBEE ESTIMATE — NOT ETSY TRANSACTION DATA,4365372967,FairyByMidnight,12.0,29,2.0,21,$1.73,"Handmade Business planner bundle, small business tracker, printable craft product journal, ADHD (digital download)",Daily / weekly planner,SMALL_BIZ_ADMIN,1,0
EVERBEE ESTIMATE — NOT ETSY TRANSACTION DATA,4539401745,TEKAROStudio,5.0,109,3.0,20,$19.99,"ADHD Dopamine Menu Workbook | 106-Page Executive Function Planner for Task Paralysis, Focus & Motivation | Printable ADHD Adult PDF",Brain dump / task paralysis / prioritising,PARTY_GIFT_DECOR,1,0
EVERBEE ESTIMATE — NOT ETSY TRANSACTION DATA,4530447675,BusyMamaByMelissa,9.0,143,3.0,20,$5.64,Task Paralysis Workbook for Moms | ADHD Executive Dysfunction Help | Procrastination Worksheets Printable & Fillable,(none — not an adult life-admin job),KIDS_EDU_CONTENT,1,0
EVERBEE ESTIMATE — NOT ETSY TRANSACTION DATA,4533373255,SoftResetStudioGifts,8.0,199,2.0,20,$2.55,Low Energy Dopamine Toolkit Printable | ADHD Burnout Recovery Checklist | Executive Dysfunction Support | Gentle Self Care PDF,(none — not an adult life-admin job),PARTY_GIFT_DECOR,1,0
EVERBEE ESTIMATE — NOT ETSY TRANSACTION DATA,4565952852,SweetWatermelonCo,14.0,157,2.0,20,$3.99,"Executive Functioning Skills Cheat Sheet, ADHD Tools, Coping Skills, Planning, Organization, Time Management, Productivity, Goal Setting","Habits, goals & routines",OTHER,1,0
EVERBEE ESTIMATE — NOT ETSY TRANSACTION DATA,4536627376,CozyMiniClub,7.0,78,3.0,20,$3.99,ADHD Brain Dump Planner Printable | ADHD Worksheet | Executive Function Planner | Daily Focus Planner | Mental Overwhelm PDF,(none — not an adult life-admin job),KIDS_EDU_CONTENT,1,0
EVERBEE ESTIMATE — NOT ETSY TRANSACTION DATA,4561207802,SweetWatermelonCo,14.0,157,2.0,20,$3.99,"ADHD Coping Skills Cheat Sheet, ADHD Tools, ADHD Resources, Executive Functioning, Emotional Regulation, Neurodiversity, Self Regulation",(none — not an adult life-admin job),OTHER,1,0
EVERBEE ESTIMATE — NOT ETSY TRANSACTION DATA,4544876300,TheDesignVines,59.0,"16,132",3.0,20,$5.62,510 ADHD Executive Functioning Skills Strategies | Emotional Regulation | Coping Skills | School Counselor | Therapy Tools | Time Management,(none — not an adult life-admin job),OTHER,0,0
EVERBEE ESTIMATE — NOT ETSY TRANSACTION DATA,4536239263,Lovelycoloringclub,13.0,555,3.0,19,$2.00,"ADHD Home Management, ADHD Cleaning Checklist, Home Reset Planner, Weekly & Monthly Reset, Family Cleaning Schedule, Grocery Planner",Cleaning & chore system,CLEANING_HOME,1,0
EVERBEE ESTIMATE — NOT ETSY TRANSACTION DATA,4536098727,Lovelycoloringclub,13.0,555,3.0,19,$2.00,"ADHD Overwhelm Collection Printable Bundle, ADHD Planner, Executive Function Workbook, Brain Dump, Focus Planner, Mental Reset PDF",Brain dump / task paralysis / prioritising,LIFE_PLANNER,1,0
EVERBEE ESTIMATE — NOT ETSY TRANSACTION DATA,4552623638,Lovelycoloringclub,13.0,555,2.0,19,$2.00,"ADHD Wealth Building Planner Printable | Investment Tracker, Net Worth, Dividend & Passive Income, Financial Freedom Planner, Wealth Goals","Habits, goals & routines",PERSONAL_BUDGET,1,0
EVERBEE ESTIMATE — NOT ETSY TRANSACTION DATA,4536063708,Lovelycoloringclub,13.0,555,3.0,19,$2.00,"ADHD Cleaning Checklist Bundle Printable, Cleaning Planner, Declutter Checklist, Room by Room Cleaning, Cleaning Tracker PDF, ADHD Home",Cleaning & chore system,CLEANING_HOME,1,0
EVERBEE ESTIMATE — NOT ETSY TRANSACTION DATA,4552624646,Lovelycoloringclub,13.0,555,2.0,19,$2.00,"ADHD Wealth Building Planner Printable | Investment Tracker, Net Worth, Dividend & Passive Income, Financial Freedom Planner, Wealth Goals","Habits, goals & routines",PERSONAL_BUDGET,1,0
EVERBEE ESTIMATE — NOT ETSY TRANSACTION DATA,4551023075,Lovelycoloringclub,13.0,555,2.0,19,$2.00,"ADHD Monthly Financial Planner Printable Bundle | Budget Planner, Bill Payment Calendar, Payday Planner, Finance Tracker PDF","Bills, budget & paycheck",PERSONAL_BUDGET,1,0
EVERBEE ESTIMATE — NOT ETSY TRANSACTION DATA,4552624240,Lovelycoloringclub,13.0,555,2.0,19,$2.00,"ADHD Wealth Building Planner Printable | Investment Tracker, Net Worth, Dividend & Passive Income, Financial Freedom Planner, Wealth Goals","Habits, goals & routines",PERSONAL_BUDGET,1,0
EVERBEE ESTIMATE — NOT ETSY TRANSACTION DATA,4552612477,Lovelycoloringclub,13.0,555,2.0,19,$2.00,"ADHD Wealth Building Planner Printable | Investment Tracker, Net Worth, Dividend & Passive Income, Financial Freedom Planner, Wealth Goals","Habits, goals & routines",PERSONAL_BUDGET,1,0
EVERBEE ESTIMATE — NOT ETSY TRANSACTION DATA,4552612027,Lovelycoloringclub,13.0,555,2.0,19,$2.00,"ADHD Wealth Building Planner Printable | Investment Tracker, Net Worth, Dividend & Passive Income, Financial Freedom Planner, Wealth Goals","Habits, goals & routines",PERSONAL_BUDGET,1,0
EVERBEE ESTIMATE — NOT ETSY TRANSACTION DATA,4407886588,Temprism0,37.0,687,3.0,18,$3.30,"ADHD Planner for Adult Women | 120-Page Focus & Productivity Printable | ADHD Organizer, Habit Tracker  Daily Planner","Habits, goals & routines",LIFE_PLANNER,0,0
EVERBEE ESTIMATE — NOT ETSY TRANSACTION DATA,4542562622,curlyinktales,16.0,553,3.0,18,$5.03,ADHD Brain Dump Journal | ADHD Journal for Overthinking & Executive Dysfunction | Adhd Workbook  | Neurodivergent Printable | PDF,Brain dump / task paralysis / prioritising,LIFE_PLANNER,1,0
EVERBEE ESTIMATE — NOT ETSY TRANSACTION DATA,4555782085,curlyinktales,16.0,553,2.0,18,$5.29,ADHD Life Admin Checklist | ADHD Organization Workbook | Executive Dysfunction Planner & Printable Checklist | 30 Pages,"Habits, goals & routines",PARTY_GIFT_DECOR,1,0
EVERBEE ESTIMATE — NOT ETSY TRANSACTION DATA,4559339056,curlyinktales,16.0,553,2.0,18,$5.29,ADHD Home Management Checklist | ADHD Cleaning & Household Organization Workbook | Executive Dysfunction Printable | 30 Pages,Cleaning & chore system,CLEANING_HOME,1,0
EVERBEE ESTIMATE — NOT ETSY TRANSACTION DATA,4558809036,curlyinktales,16.0,553,2.0,18,$5.29,"Sorry, My Brain Has ADHD Journal, Funny ADHD Journal, Adhd Printable Workbook, Neurodivergent Journal, Executive Dysfunction PDF","Habits, goals & routines",LIFE_PLANNER,1,0
EVERBEE ESTIMATE — NOT ETSY TRANSACTION DATA,4539607854,curlyinktales,16.0,553,3.0,18,$5.03,ADHD Survival Journal | ADHD Brain Dump & Self Care Journal | Executive Dysfunction Tracker | Neurodivergent Printable Journal | 33 Pages,Brain dump / task paralysis / prioritising,LIFE_PLANNER,1,0
EVERBEE ESTIMATE — NOT ETSY TRANSACTION DATA,4533534725,TheWellnessPrintCoUS,7.0,"1,377",3.0,18,$5.00,"CBT ADHD Skills Printable Focus Tracker, Executive Function Worksheet, Emotional Regulation Guide, Adult Teen Therapy PDF",(none — not an adult life-admin job),KIDS_EDU_CONTENT,1,0
EVERBEE ESTIMATE — NOT ETSY TRANSACTION DATA,4554453676,Templix8,13.0,"4,727",2.0,17,$3.96,"ADHD Morning Reset Printable, ADHD Morning Routine Planner, Executive Function Worksheet, Daily Focus & Productivity Planner, ADHD Checklist",(none — not an adult life-admin job),KIDS_EDU_CONTENT,1,0
EVERBEE ESTIMATE — NOT ETSY TRANSACTION DATA,4542128971,Templix8,13.0,"4,727",3.0,17,$3.96,"ADHD Bare Minimum Day Planner, ADHD Burnout Recovery, ADHD Low Effort Daily Planner, Energy Saving Checklist, Adult Adhd, Worksheet Pdf",(none — not an adult life-admin job),LIFE_PLANNER,1,0
EVERBEE ESTIMATE — NOT ETSY TRANSACTION DATA,4533585425,RoseValeCreations,9.0,329,3.0,17,$4.99,"ADHD Overwhelm Reset Sheet Printable Bundle, Mental Clutter Reset, Activity Planner, Executive Function Workbook (Digital Download)","Habits, goals & routines",KIDS_EDU_CONTENT,1,0
EVERBEE ESTIMATE — NOT ETSY TRANSACTION DATA,4538760804,EasyLearningPrintArt,16.0,"4,574",3.0,16,$4.00,"ADHD Cleaning Cards | Room-by-Room Checklists, Home Organization (PDF Digital Download)",Cleaning & chore system,CLEANING_HOME,1,0
EVERBEE ESTIMATE — NOT ETSY TRANSACTION DATA,4555325038,TheEditReadyStudio,7.0,"1,513",2.0,16,$8.99,"ADHD Teen Independence Kit, School Routine Checklist, Backpack Reset, Teen Chore Chart, Laundry Steps, Morning Routine Help, 7 Page PDF",Cleaning & chore system,CLEANING_HOME,1,0
EVERBEE ESTIMATE — NOT ETSY TRANSACTION DATA,4531229642,SirensSageAndStoneCo,28.0,33,2.0,16,$30.31,Whimsigoth Academy Planner | 280+ Page Printable Journal | Witchy ADHD Planner PDF | Mystical Study Binder | Tarot & Shadow Work Journal,Daily / weekly planner,LIFE_PLANNER,0,0
EVERBEE ESTIMATE — NOT ETSY TRANSACTION DATA,4570528804,ADHDResetCo,9.0,73,1.0,15,$44.98,"ADHD Planner, 5 Workbooks, Late Diagnosis, Burnout Recovery, Neurodiversity, Rejection Sensitivity, Cleaning, Printable, PDF",Cleaning & chore system,CLEANING_HOME,1,0
EVERBEE ESTIMATE — NOT ETSY TRANSACTION DATA,4548897499,TinyProgressCo,9.0,110,2.0,15,$5.99,ADHD Budget Planner | 3-DECK Money Management Cards | Printable Finance Planner for Adults | Digital Download,"Bills, budget & paycheck",PERSONAL_BUDGET,1,0
EVERBEE ESTIMATE — NOT ETSY TRANSACTION DATA,4550042996,JiarnaDigital,5.0,"1,130",2.0,15,$4.21,ADHD Executive Function Cards | 80 Printable Coping Strategies (PDF Download),(none — not an adult life-admin job),PARTY_GIFT_DECOR,1,0
EVERBEE ESTIMATE — NOT ETSY TRANSACTION DATA,4555869028,TheEditReadyStudio,7.0,"1,513",2.0,15,$3.99,"ADHD Dopamine Menu, No Spend Printable, Impulse Buying Help, Shopping Urge Checklist, Low Cost Rewards, Boredom Shopping Help, 1 Page PDF",(none — not an adult life-admin job),PARTY_GIFT_DECOR,1,0
