data_label,job,source,listing_id,shop,price,est_12mo_units,title,buyer_persona,acquisition_phrase,standalone_or_bundled,same_buyer_as_product_6,adhd_class,same_without_adhd_wording
EVERBEE ESTIMATE — NOT ETSY TRANSACTION DATA,"Bills, budget & paycheck",entrant,4301730234,CustomGroupGifts,$1.94,"3,396",ADHD Adult Digital Budget Planner Google Sheets Monthly Bill Tracker Personal Income Expense  Weekly Paycheck Journal Debt Payoff Tool 2026,adult with ADHD who misses bills / pays late fees,adhd budget planner / budget planner adhd,STANDALONE,"YES — same buyer, SAME door as #6 (overlap/cannibalisation)",ADHD-ADAPTED,UNVERIFIED (title only)
EVERBEE ESTIMATE — NOT ETSY TRANSACTION DATA,"Bills, budget & paycheck",entrant,4301406396,EzPlanningStudio,$7.88,764,Ongoing Monthly Bill Spreadsheet • ADHD Friendly Budget Tracker for Google Sheets & Excel • No Annual Reset • Beginner Financial Planner,adult with ADHD who misses bills / pays late fees,adhd budget planner / budget planner adhd,STANDALONE,"YES — same buyer, SAME door as #6 (overlap/cannibalisation)",ADHD-NATIVE,LIKELY NO
EVERBEE ESTIMATE — NOT ETSY TRANSACTION DATA,"Bills, budget & paycheck",entrant,4384794964,Heart2HeartbyYoli,$2.99,512,ADHD Budget Planner Google Sheets Monthly Bill Tracker Personal Income Expense Weekly Paycheck budget,adult with ADHD who misses bills / pays late fees,adhd budget planner / budget planner adhd,STANDALONE,"YES — same buyer, SAME door as #6 (overlap/cannibalisation)",ADHD-ADAPTED,UNVERIFIED (title only)
EVERBEE ESTIMATE — NOT ETSY TRANSACTION DATA,"Bills, budget & paycheck",entrant,4466804308,SunnyKiteHill,$11.99,169,Gamified ADHD Planner Bundle | RPG Fantasy Quest Log & Life Organizer | Neurodivergent Executive Function | Adult Chore Cards Budget Meals,adult with ADHD who misses bills / pays late fees,adhd budget planner / budget planner adhd,BUNDLED,"YES — same buyer, SAME door as #6 (overlap/cannibalisation)",ADHD-NATIVE,LIKELY NO
EVERBEE ESTIMATE — NOT ETSY TRANSACTION DATA,"Bills, budget & paycheck",young<=3mo,4571744366,MasterMoneyBudget,$15.99,67,ADHD Budget Planner App Beginner-Friendly Paycheck & Monthly Budget Tracker Online + Offline,adult with ADHD who misses bills / pays late fees,adhd budget planner / budget planner adhd,STANDALONE,"YES — same buyer, SAME door as #6 (overlap/cannibalisation)",ADHD-ADAPTED,UNVERIFIED (title only)
EVERBEE ESTIMATE — NOT ETSY TRANSACTION DATA,"Bills, budget & paycheck",young<=3mo,4538377978,EzPlanningStudio,$39.38,58,"Ultimate Paycheck Budget App • Paycheck Budget, Savings, Debt Payments, Bank Accounts and Credit Cards • Desktop & Mobile • ADHD-friendly",adult with ADHD who misses bills / pays late fees,adhd budget planner / budget planner adhd,STANDALONE,"YES — same buyer, SAME door as #6 (overlap/cannibalisation)",ADHD-NATIVE,LIKELY NO
EVERBEE ESTIMATE — NOT ETSY TRANSACTION DATA,"Bills, budget & paycheck",young<=3mo,4544075021,EZSpreadsheets4Life,$2.00,34,"ADHD Budget Planner Beginner Google Sheets, ADHD Friendly Weekly Budget & Expense Tracker, Neurodivergent Finance Planner (Digital Download)",adult with ADHD who misses bills / pays late fees,adhd budget planner / budget planner adhd,STANDALONE,"YES — same buyer, SAME door as #6 (overlap/cannibalisation)",ADHD-NATIVE,LIKELY NO
EVERBEE ESTIMATE — NOT ETSY TRANSACTION DATA,"Bills, budget & paycheck",young<=3mo,4567054061,AYxSTUDIOS,$22.23,31,ADHD Life Planner App All in One Digital Planner Daily Weekly Monthly Calendar Habit Tracker Budget Meal Planner Goal Tracker Works Offline,adult with ADHD who misses bills / pays late fees,adhd budget planner / budget planner adhd,BUNDLED,"YES — same buyer, SAME door as #6 (overlap/cannibalisation)",ADHD-ADAPTED,UNVERIFIED (title only)
EVERBEE ESTIMATE — NOT ETSY TRANSACTION DATA,Brain dump / task paralysis / prioritising,entrant,4397631948,MadeForFunction,$37.00,274,"Whole Shop ADHD Brain Dump Bundle | Executive Function, Thought Organizer, To-Do List, Task Tracker & Productivity Printables",adult with ADHD stuck starting tasks,adhd brain dump,BUNDLED,"YES — same buyer persona, different job from #6",ADHD-NATIVE,LIKELY NO
EVERBEE ESTIMATE — NOT ETSY TRANSACTION DATA,Brain dump / task paralysis / prioritising,entrant,4463739434,RichvaleCreatives,$11.25,231,Task Tracker Spreadsheet To Do List Task Tracker Template Team Project Manager Digital ADHD Productivity Task Manager Excel Google Sheets,adult with ADHD stuck starting tasks,adhd brain dump,STANDALONE,"YES — same buyer persona, different job from #6",ADHD-BOLT-ON,LIKELY YES
EVERBEE ESTIMATE — NOT ETSY TRANSACTION DATA,Brain dump / task paralysis / prioritising,entrant,4379419140,CellRise,$5.61,144,Eisenhower Matrix Spreadsheet Decision Matrix Google Sheets Task Priority Tracker Urgent Important Matrix ADHD Productivity Planner,adult with ADHD stuck starting tasks,adhd brain dump,STANDALONE,"YES — same buyer persona, different job from #6",ADHD-BOLT-ON,LIKELY YES
EVERBEE ESTIMATE — NOT ETSY TRANSACTION DATA,Brain dump / task paralysis / prioritising,entrant,4344430063,DailyPlansCoStore,$6.19,124,"Printable Work Day Planner PDF & Canva | To Do Checklist, ADHD Productivity Organizer, Workday Tracker",adult with ADHD stuck starting tasks,adhd brain dump,STANDALONE,"YES — same buyer persona, different job from #6",ADHD-BOLT-ON,LIKELY YES
EVERBEE ESTIMATE — NOT ETSY TRANSACTION DATA,Cleaning & chore system,entrant,4398687250,LifePrintableStore,$6.70,"2,621","ADHD Cleaning Planner Bundle, ADHD Cleaning Checklist, ADHD Chore Chart, Home Cleaning Schedule, Family Chore Chart, Declutter, Editable Pdf",adult with ADHD overwhelmed by housework,adhd cleaning planner / adhd cleaning checklist,BUNDLED,"YES — same buyer persona, different job from #6",ADHD-ADAPTED,UNVERIFIED (title only)
EVERBEE ESTIMATE — NOT ETSY TRANSACTION DATA,Cleaning & chore system,entrant,4336988306,SavvySheetsStudio8,$1.65,"1,894","ADHD Cleaning Planner Bundle, ADHD Home Organization, Master Cleaning Checklist, Family Chore Chart, House Cleaning Schedule, Deep Cleaning",adult with ADHD overwhelmed by housework,adhd cleaning planner / adhd cleaning checklist,BUNDLED,"YES — same buyer persona, different job from #6",ADHD-ADAPTED,UNVERIFIED (title only)
EVERBEE ESTIMATE — NOT ETSY TRANSACTION DATA,Cleaning & chore system,entrant,4477569985,fikadoodle,$6.14,"1,867","ADHD Cleaning Planner Printable | Cleaning Schedule Checklist PDF | Declutter & Cleaning Routine | Editable Canva, adhd cleaning chore chart",adult with ADHD overwhelmed by housework,adhd cleaning planner / adhd cleaning checklist,STANDALONE,"YES — same buyer persona, different job from #6",ADHD-ADAPTED,UNVERIFIED (title only)
EVERBEE ESTIMATE — NOT ETSY TRANSACTION DATA,Cleaning & chore system,entrant,4519904565,fikadoodle,$0.88,966,Editable Cleaning Cards for ADHD | Printable Room-by-Room Cleaning Checklists | 40 Canva Cleaning Cards | Household Chore System,adult with ADHD overwhelmed by housework,adhd cleaning planner / adhd cleaning checklist,BUNDLED,"YES — same buyer persona, different job from #6",ADHD-NATIVE,LIKELY NO
EVERBEE ESTIMATE — NOT ETSY TRANSACTION DATA,Cleaning & chore system,entrant,4364964630,TheTreasuredTreetop,$7.99,722,"ADHD Cleaning Planner Bundle | 80+ Editable Checklists & Schedules | Declutter Challenge, Chore Chart, Deep Cleaning Cards | Canva | PDF",adult with ADHD overwhelmed by housework,adhd cleaning planner / adhd cleaning checklist,BUNDLED,"YES — same buyer persona, different job from #6",ADHD-ADAPTED,UNVERIFIED (title only)
EVERBEE ESTIMATE — NOT ETSY TRANSACTION DATA,Cleaning & chore system,entrant,4489996178,LinkDigitalStudio,$8.54,570,"Adhd cleaning planner bundle, adhd cleaning schedule, adhd cleaning checklist, adhd cleaning chore chart, editable Adhd cleaning list, Canva",adult with ADHD overwhelmed by housework,adhd cleaning planner / adhd cleaning checklist,BUNDLED,"YES — same buyer persona, different job from #6",ADHD-ADAPTED,UNVERIFIED (title only)
EVERBEE ESTIMATE — NOT ETSY TRANSACTION DATA,Cleaning & chore system,entrant,4424561599,BaileysWonderland,$2.99,474,ADHD EDITABLE digital cleaning schedule checklist,adult with ADHD overwhelmed by housework,adhd cleaning planner / adhd cleaning checklist,STANDALONE,"YES — same buyer persona, different job from #6",ADHD-ADAPTED,UNVERIFIED (title only)
EVERBEE ESTIMATE — NOT ETSY TRANSACTION DATA,Cleaning & chore system,entrant,4467349369,fikadoodle,$1.68,432,Editable Cleaning Schedule Printable ADHD Cleaning Planner Daily Weekly Monthly Cleaning Checklist Household Chore Chart Canva Template,adult with ADHD overwhelmed by housework,adhd cleaning planner / adhd cleaning checklist,STANDALONE,"YES — same buyer persona, different job from #6",ADHD-ADAPTED,UNVERIFIED (title only)
EVERBEE ESTIMATE — NOT ETSY TRANSACTION DATA,Cleaning & chore system,entrant,4395397231,TheTreasuredTreetop,$9.99,174,"ADHD Cleaning Planner Bundle | 80+ Editable Checklists & Schedules | Declutter Challenge, Chore Chart, Deep Cleaning Cards | Canva | PDF",adult with ADHD overwhelmed by housework,adhd cleaning planner / adhd cleaning checklist,BUNDLED,"YES — same buyer persona, different job from #6",ADHD-ADAPTED,UNVERIFIED (title only)
EVERBEE ESTIMATE — NOT ETSY TRANSACTION DATA,Cleaning & chore system,young<=3mo,4539344938,LumenResetCo,$12.99,66,"ADHD Cleaning Cards, Dopamine Task Deck for Overwhelmed Brains, Executive Function Chore System, Printable PDF + Fillable Digital Checklist",adult with ADHD overwhelmed by housework,adhd cleaning planner / adhd cleaning checklist,BUNDLED,"YES — same buyer persona, different job from #6",ADHD-NATIVE,LIKELY NO
EVERBEE ESTIMATE — NOT ETSY TRANSACTION DATA,Cleaning & chore system,young<=3mo,4528043859,ElthivarDigitalCo,$17.59,62,Adhd Cleaning Planner Printable Bundle Home Organization Template Digital Household Checklist Daily Routine Schedule Tracker Chore Chart,adult with ADHD overwhelmed by housework,adhd cleaning planner / adhd cleaning checklist,BUNDLED,"YES — same buyer persona, different job from #6",ADHD-ADAPTED,UNVERIFIED (title only)
EVERBEE ESTIMATE — NOT ETSY TRANSACTION DATA,Cleaning & chore system,young<=3mo,4551407529,JoyAjjima,$3.00,45,"ADHD Cleaning Schedule Printable, Weekly Cleaning Planner, Home Reset Checklist, A4 US Letter PDF",adult with ADHD overwhelmed by housework,adhd cleaning planner / adhd cleaning checklist,STANDALONE,"YES — same buyer persona, different job from #6",ADHD-ADAPTED,UNVERIFIED (title only)
EVERBEE ESTIMATE — NOT ETSY TRANSACTION DATA,Daily / weekly planner,entrant,4345259108,PlanMindco,$8.30,"1,640","ADHD Digital Planner, Adult ADHD Planner, 2026 Digital Planner, Neurodivergent Planner, Daily ADHD Planner, Goodnotes Planner, Adhd Planner",adult with ADHD needing day/week structure,adhd planner / adhd daily planner,STANDALONE,"YES — same buyer persona, different job from #6",ADHD-NATIVE,LIKELY NO
EVERBEE ESTIMATE — NOT ETSY TRANSACTION DATA,Daily / weekly planner,entrant,4345399859,BossMeansBusiness,$11.34,609,Weekly Planner Google sheets | ADHD Planner & Productivity Tracker | Digital download,adult with ADHD needing day/week structure,adhd planner / adhd daily planner,STANDALONE,"YES — same buyer persona, different job from #6",ADHD-ADAPTED,UNVERIFIED (title only)
EVERBEE ESTIMATE — NOT ETSY TRANSACTION DATA,Daily / weekly planner,entrant,4345176337,PlanMindco,$12.45,518,"ADHD Digital Planner (made by an ADHD Coach) for Goodnotes, iPad & Android. Adhd Digital Planner, Planner Adhd, Adult ADHD daily planner",adult with ADHD needing day/week structure,adhd planner / adhd daily planner,STANDALONE,"YES — same buyer persona, different job from #6",ADHD-NATIVE,LIKELY NO
EVERBEE ESTIMATE — NOT ETSY TRANSACTION DATA,Daily / weekly planner,entrant,4445068257,Craftoking365,$1.99,371,"ADHD Mega Planner Bundle, 300+ Pages, Productivity Journal (Printable PDF)",adult with ADHD needing day/week structure,adhd planner / adhd daily planner,BUNDLED,"YES — same buyer persona, different job from #6",ADHD-ADAPTED,UNVERIFIED (title only)
EVERBEE ESTIMATE — NOT ETSY TRANSACTION DATA,Daily / weekly planner,entrant,4388378293,SoulsArchive,$8.18,215,Undated ADHD Witchy Digital Planner - Fully Hyperlinked,adult with ADHD needing day/week structure,adhd planner / adhd daily planner,STANDALONE,"YES — same buyer persona, different job from #6",ADHD-ADAPTED,UNVERIFIED (title only)
EVERBEE ESTIMATE — NOT ETSY TRANSACTION DATA,Daily / weekly planner,entrant,4459386634,habitualsheets,$7.93,113,"ADHD Planner Bundle printable, Neurodivergent Brain, Daily, Weekly (Digital Download, US/EU Sizes)",adult with ADHD needing day/week structure,adhd planner / adhd daily planner,BUNDLED,"YES — same buyer persona, different job from #6",ADHD-NATIVE,LIKELY NO
EVERBEE ESTIMATE — NOT ETSY TRANSACTION DATA,Daily / weekly planner,young<=3mo,4539158112,Lovelycoloringclub,$2.00,38,"ADHD Work From Home Printable Bundle, Home Office Planner, Productivity Planner, Daily Work Planner, Focus Planner, ADHD Printable PDF",adult with ADHD needing day/week structure,adhd planner / adhd daily planner,BUNDLED,"YES — same buyer persona, different job from #6",ADHD-ADAPTED,UNVERIFIED (title only)
EVERBEE ESTIMATE — NOT ETSY TRANSACTION DATA,Daily / weekly planner,young<=3mo,4533624320,TheEditReadyStudio,$6.99,33,"ADHD Life Maintenance Tracker, Adulting Checklist PDF, Home + Self Care Log, Overdue Tasks Planner, Restock Reminder, 6 page Life Admin PDF",adult with ADHD needing day/week structure,adhd planner / adhd daily planner,STANDALONE,"YES — same buyer persona, different job from #6",ADHD-ADAPTED,UNVERIFIED (title only)
EVERBEE ESTIMATE — NOT ETSY TRANSACTION DATA,Daily / weekly planner,young<=3mo,4518951010,phenixdigital,$7.96,33,"ADHD Planner 2026-2028, Daily Weekly Monthly Digital Planner (Goodnotes iPad)",adult with ADHD needing day/week structure,adhd planner / adhd daily planner,STANDALONE,"YES — same buyer persona, different job from #6",ADHD-ADAPTED,UNVERIFIED (title only)
EVERBEE ESTIMATE — NOT ETSY TRANSACTION DATA,Daily / weekly planner,young<=3mo,4446977466,HWENTERPRISE,$7.96,31,"OneNote Digital Planner 2026–2027 & Undated | Hyperlinked OneNote Template for Work, Home, Projects, ADHD | Windows And Surface Pro",adult with ADHD needing day/week structure,adhd planner / adhd daily planner,STANDALONE,"YES — same buyer persona, different job from #6",ADHD-BOLT-ON,LIKELY YES
EVERBEE ESTIMATE — NOT ETSY TRANSACTION DATA,Daily / weekly planner,young<=3mo,4446977227,HWENTERPRISE,$11.96,31,"2026 OneNote Digital Planner | Hyperlinked Work & Project Planner, Colorful Minimal OneNote Template, ADHD Notebook for Windows And iPad",adult with ADHD needing day/week structure,adhd planner / adhd daily planner,STANDALONE,"YES — same buyer persona, different job from #6",ADHD-BOLT-ON,LIKELY YES
EVERBEE ESTIMATE — NOT ETSY TRANSACTION DATA,"Habits, goals & routines",entrant,4440940588,NeurodivergentHQ,$15.00,379,Start Anytime ADHD Workbook | Undated Goal Setting | Fillable A4 PDF,adult with ADHD building routines,adhd habit tracker / adhd workbook,STANDALONE,"YES — same buyer persona, different job from #6",ADHD-ADAPTED,UNVERIFIED (title only)
EVERBEE ESTIMATE — NOT ETSY TRANSACTION DATA,"Habits, goals & routines",entrant,4351806969,AravellaCreative,$3.47,235,"Habit Tracker Spreadsheet, Daily Routine & Goal Planner for Google Sheets and Excel, ADHD Planner",adult with ADHD building routines,adhd habit tracker / adhd workbook,STANDALONE,"YES — same buyer persona, different job from #6",ADHD-BOLT-ON,LIKELY YES
EVERBEE ESTIMATE — NOT ETSY TRANSACTION DATA,"Habits, goals & routines",young<=3mo,4518465057,EverydayApps,$19.00,67,"ADHD Planner App, ADHD Digital Planner, Executive Function Organizer, Habit Tracker, Time Blocking, Goal Planner for ADHD Adults",adult with ADHD building routines,adhd habit tracker / adhd workbook,STANDALONE,"YES — same buyer persona, different job from #6",ADHD-NATIVE,LIKELY NO
EVERBEE ESTIMATE — NOT ETSY TRANSACTION DATA,Life OS / second brain (all-in-one),entrant,4510903147,PlanoraNotion,$19.70,583,2026 All In One Life Planner Minimal Notion Dashboard Template Aesthetic Daily Personal Planner for ADHD Notion Template Digital Planner,adult with ADHD wanting one place for everything,adhd notion / adhd life planner,BUNDLED,"YES — same buyer persona, different job from #6",ADHD-NATIVE,LIKELY NO
EVERBEE ESTIMATE — NOT ETSY TRANSACTION DATA,Life OS / second brain (all-in-one),entrant,4484428726,Webudding,$16.99,306,2026 ADHD Structured All-in-One Planner l Digital Planner Goodnotes Notability Samsung Notes iPad Template Weekly Planner Simple for Focus,adult with ADHD wanting one place for everything,adhd notion / adhd life planner,BUNDLED,"YES — same buyer persona, different job from #6",ADHD-ADAPTED,UNVERIFIED (title only)
EVERBEE ESTIMATE — NOT ETSY TRANSACTION DATA,Life OS / second brain (all-in-one),young<=3mo,4484428726,Webudding,$16.99,306,2026 ADHD Structured All-in-One Planner l Digital Planner Goodnotes Notability Samsung Notes iPad Template Weekly Planner Simple for Focus,adult with ADHD wanting one place for everything,adhd notion / adhd life planner,BUNDLED,"YES — same buyer persona, different job from #6",ADHD-ADAPTED,UNVERIFIED (title only)
EVERBEE ESTIMATE — NOT ETSY TRANSACTION DATA,Life OS / second brain (all-in-one),entrant,4428525302,TemplateMuseAlchemy,$46.00,217,Notion Life Planner Template: Second Brain for ADHD | All-in-One Life Management System | 140+ Pages | Reuse for Life (Digital Download),adult with ADHD wanting one place for everything,adhd notion / adhd life planner,BUNDLED,"YES — same buyer persona, different job from #6",ADHD-NATIVE,LIKELY NO
EVERBEE ESTIMATE — NOT ETSY TRANSACTION DATA,Life OS / second brain (all-in-one),entrant,4372860145,DragonHoardTemplates,$29.99,145,"2026 ADHD Notion Gamified RPG Template Digital Planner: Habit Tracking, Goal Setting, ADHD Planner, Reward Based, All in one system",adult with ADHD wanting one place for everything,adhd notion / adhd life planner,BUNDLED,"YES — same buyer persona, different job from #6",ADHD-ADAPTED,UNVERIFIED (title only)
EVERBEE ESTIMATE — NOT ETSY TRANSACTION DATA,Life OS / second brain (all-in-one),young<=3mo,4538664912,PsychBlueprints,$8.36,70,"ADHD Life System Planner | Habits, Goals, Time Lab (Excel Download)",adult with ADHD wanting one place for everything,adhd notion / adhd life planner,BUNDLED,"YES — same buyer persona, different job from #6",ADHD-ADAPTED,UNVERIFIED (title only)
EVERBEE ESTIMATE — NOT ETSY TRANSACTION DATA,Life OS / second brain (all-in-one),young<=3mo,4537043268,ThePurpleCatCo,$39.99,37,"Home Management Mega Bundle | 1000+ Page Home Planner, Family Command Center, ADHD Home Binder, Lifetime Updates",adult with ADHD wanting one place for everything,adhd notion / adhd life planner,BUNDLED,"YES — same buyer persona, different job from #6",ADHD-BOLT-ON,LIKELY YES
EVERBEE ESTIMATE — NOT ETSY TRANSACTION DATA,Life OS / second brain (all-in-one),young<=3mo,4436122410,ABDigitalsCrafts,$3.75,36,"Adhd planner for adult,Adhd planner printable, Adhd life planner, adhd digital planner, adhd self care daily planner,Adult ADHD Productivity",adult with ADHD wanting one place for everything,adhd notion / adhd life planner,STANDALONE,"YES — same buyer persona, different job from #6",ADHD-ADAPTED,UNVERIFIED (title only)
