data_label,listing_id,shop,shop_age_months,shop_total_sales,listing_age_months,est_12mo_units,price,title,new_shop_flag,ge30_flag,plr_flag
EVERBEE ESTIMATE — NOT ETSY TRANSACTION DATA,4543370846,HumbleArtPrint,104.0,"10,658",3.0,392,$4.99,"450 page Wedding Planner Template Bundle Complete Wedding Planning Binder, Wedding Itinerary, Wedding Planning Book, Wedding Itinerary Canva",0,1,0
EVERBEE ESTIMATE — NOT ETSY TRANSACTION DATA,4523758384,AtStillnessStudio,7.0,190,3.0,85,$11.29,"Wedding Planner Spreadsheet, Google Sheets Wedding Planner Template, Budget Tracker, Guest List, Checklist, All in One Digital Planner",1,1,0
EVERBEE ESTIMATE — NOT ETSY TRANSACTION DATA,4522803016,DigitalProductery,8.0,153,3.0,48,$11.97,Bestseller Hochzeitsplaner Google Sheets Hochzeit Budget Tracker Gästeliste Sitzplan Checkliste Timeline Digitaler Wedding Planner german,1,1,0
EVERBEE ESTIMATE — NOT ETSY TRANSACTION DATA,4536547614,MikisSunshine,47.0,61,3.0,45,$10.43,"Wedding Seating Chart QR Sign, Guest List Planner, Table Finder (Digital Download)",0,1,0
EVERBEE ESTIMATE — NOT ETSY TRANSACTION DATA,4551973633,PracticalSheetsCo,27.0,"2,224",2.0,34,$5.98,Wedding Spreadsheet Guest List Wedding Planner Spreadsheet Excel Wedding Seating Chart Template Wedding Gift Tracker Google Sheets Wedding,0,1,0
EVERBEE ESTIMATE — NOT ETSY TRANSACTION DATA,4533656415,junako,7.0,217,2.0,27,$19.00,"Coastal Bachelorette Website Canva Template, Seashells & Wedding Bells Digital Invite, Blue Cream Sea Theme Weekend Trip Itinerary Planner",1,0,0
EVERBEE ESTIMATE — NOT ETSY TRANSACTION DATA,4545341919,SparkBranding,47.0,"7,373",3.0,24,$37.52,"Wedding Day Game Plan | Mobile APP-Like Planner Timeline Template | Itinerary, Day Of Coordinator, Checklists (Digital Download)",0,0,0
EVERBEE ESTIMATE — NOT ETSY TRANSACTION DATA,4561873750,Xclusivetemplate,2.0,571,2.0,24,$3.99,"The Ultimate Wedding Day Binder Template, Wedding Planner,Canva Edit, Wedding Template, Instant Download, Digital Template, Printable",1,0,0
EVERBEE ESTIMATE — NOT ETSY TRANSACTION DATA,4559298858,TheLuminaCo,7.0,219,2.0,22,$9.99,"Old Money Wedding Stock Photos, 70 Luxury Editorial Bride & Groom Content, Elegant Wedding Photos, Planner Branding, Commercial PLR MRR",1,0,1
EVERBEE ESTIMATE — NOT ETSY TRANSACTION DATA,4362984287,CozyCreativeHub,14.0,61,1.0,20,$5.00,"Wedding Planner Binder Template: Canva Editable, Printable (Digital Download)",1,0,0
EVERBEE ESTIMATE — NOT ETSY TRANSACTION DATA,4532132327,shopoigoi,207.0,"11,778",3.0,18,$5.99,"Vintage rose fussy cuts, flower ephemera, shabby chic junk journal kit, scrapbooking paper, pastel wedding flowers, planner stickers",0,0,0
EVERBEE ESTIMATE — NOT ETSY TRANSACTION DATA,4545372439,PracticalSheetsCo,27.0,"2,224",3.0,17,$9.98,Wedding Planner Spreadsheet Wedding Budget Spreadsheet Wedding Seating Chart Template Wedding Planning Spreadsheet Newly Engaged Gift,0,0,0
EVERBEE ESTIMATE — NOT ETSY TRANSACTION DATA,4313487458,MysticaBloom,16.0,717,3.0,17,$3.85,"Event Planner, Contract Template, Canva Template, Invoice Template, Rental Contract, Event Planning, Wedding planning, Wedding contract",1,0,0
EVERBEE ESTIMATE — NOT ETSY TRANSACTION DATA,4416924827,NORWEARSHOP,13.0,92,1.0,16,$15.90,"The Wedding Day Binder Template, Edit in Canva | Printable, Instant Download, Digital Template, Wed Planner",1,0,0
EVERBEE ESTIMATE — NOT ETSY TRANSACTION DATA,4522013068,AllinshoppyStore,13.0,368,3.0,15,$3.98,Wedding Planner Spreadsheet Wedding Budget Tracker Google Wedding Timeline Checklist Guest List Tracker Wedding Itinerary Seating Plan,1,0,0
EVERBEE ESTIMATE — NOT ETSY TRANSACTION DATA,4549740851,ISHVO,20.0,"1,053",2.0,14,$3.00,"300+ Editable Wedding Canva Templates | Planner, Invitations, Seating Chart, Itinerary & Honeymoon | PLR MRR Bundle",1,0,1
EVERBEE ESTIMATE — NOT ETSY TRANSACTION DATA,4565330113,LaMemoireIDN,37.0,231,2.0,13,$26.00,"Wedding Planner for reMarkable Paper Pro | Muslim Nikah Walima Budget & Guest Book, Islamic PDF (Digital Download)",0,0,0
EVERBEE ESTIMATE — NOT ETSY TRANSACTION DATA,4527450447,MinimaLabStudio,7.0,40,3.0,13,$7.05,Wedding Planner Questionnaire | Editable Client Intake Form | Modern Canva Template for Wedding Planners,1,0,0
EVERBEE ESTIMATE — NOT ETSY TRANSACTION DATA,4378037506,LilyPadDigitalStudio,12.0,12,2.0,12,$8.48,Digital Wedding Planner Spreadsheet: Google Sheets Budget & Checklist (Instant Download),1,0,0
EVERBEE ESTIMATE — NOT ETSY TRANSACTION DATA,4532102461,3diconprints,21.0,"4,157",3.0,12,$2.10,Wedding Table Numbers - Wedding planner - STL file - Digital file,1,0,0
EVERBEE ESTIMATE — NOT ETSY TRANSACTION DATA,4564407299,WBaiStudio,8.0,"6,429",2.0,11,$5.71,"300+ Wedding Canva Templates Bundle | Wedding Planner, Itinerary, Cards, Hen Party Games | MRR PLR Resell Rights | Digital Download",1,0,1
EVERBEE ESTIMATE — NOT ETSY TRANSACTION DATA,4540242760,WeddingMomentsDE,13.0,833,3.0,11,$9.43,Wedding Planner Google Sheets Automated Wedding Tool Greenery Swan Design Budget Tracker Guest List Seating Plan Timeline Checklist Download,1,0,0
EVERBEE ESTIMATE — NOT ETSY TRANSACTION DATA,4576591313,tinacreativeco,53.0,"95,998",1.0,11,$27.39,Wedding Spreadsheet Planner Wedding Guest List Seating Plan Wedding Checklist Wedding Budget Canva Wedding Binder Vendor Gift Google Sheets,0,0,0
EVERBEE ESTIMATE — NOT ETSY TRANSACTION DATA,4534023221,SkylerAnneOlson,39.0,"17,427",3.0,11,$58.00,"Wedding Planning Spreadsheet - Google Sheets Template | Budget Tracker, Checklist, Seating Chart, Timeline, Tips | Neutral Digital Planner",0,0,0
EVERBEE ESTIMATE — NOT ETSY TRANSACTION DATA,4421420084,InzDisenoyMarketing,79.0,173,2.0,10,$6.00,"Wedding Planner Español, Planeador Digital Boda 86 Páginas, Agenda para Novias, Organización Boda, Descarga Inmediata PDF",0,0,0
EVERBEE ESTIMATE — NOT ETSY TRANSACTION DATA,4550504920,MytraStudios,1.0,47,1.0,9,$10.56,135+ Page Wedding Planner | Editable Canva Wedding Binder | Printable & Digital PDF,1,0,0
EVERBEE ESTIMATE — NOT ETSY TRANSACTION DATA,4585156850,DigiporiumDesigns,9.0,207,1.0,9,$4.99,"Wedding Planner Spreadsheet, Excel & Google Sheets, Wedding Budget Tracker, Guest List, Seating Chart",1,0,0
EVERBEE ESTIMATE — NOT ETSY TRANSACTION DATA,4569877016,EllaBellaPrintDesign,49.0,94,1.0,9,$12.00,"Wedding Planner Printable, 15 Bridal Planning Pages, Wedding Checklist, Budget, Guest List, 6.5x8 Planner Inserts, Little Golden Books fit",0,0,0
EVERBEE ESTIMATE — NOT ETSY TRANSACTION DATA,4551470287,TemplateLifeCo,39.0,"11,824",2.0,9,$18.68,"Event Planning Business Template, Event Planner Spreadsheet Template, Party Planner, Event Management, Wedding Business, Event Coordinator",0,0,0
EVERBEE ESTIMATE — NOT ETSY TRANSACTION DATA,4536186262,SerenaPaperie,5.0,55,2.0,9,$3.99,"Wedding Venue Comparison Spreadsheet, Interactive Google Sheets Planner (Digital Download)",1,0,0
EVERBEE ESTIMATE — NOT ETSY TRANSACTION DATA,4532773120,CapyKit,64.0,"3,435",3.0,8,$34.39,"Dream Wedding Planner | All-in-One Notion System | 50+ Pages | For DIY Brides, Wedding Coordinators, Agencies & Wedding Planners",0,0,0
EVERBEE ESTIMATE — NOT ETSY TRANSACTION DATA,4562280426,KiramaStructureCo,42.0,96,2.0,8,$16.88,"Interactive Digital Wedding Planner App: Budget, Guest List, Checklist, Vendors & Timeline",0,0,0
EVERBEE ESTIMATE — NOT ETSY TRANSACTION DATA,4544113139,emmasfavoritefinds4u,15.0,8,3.0,8,$4.00,"Digital Wedding Planner: 80 Pages, Hyperlinked PDF for Goodnotes, iPad (DIGITAL DOWNLOAD)",1,0,0
EVERBEE ESTIMATE — NOT ETSY TRANSACTION DATA,4527388590,JournalDeMaman,22.0,582,3.0,7,$13.50,"Wedding planner gothique en anglais | Template Canva modifiable, pdf goodnotes | Planificateur mariage dark romance imprimable",1,0,0
EVERBEE ESTIMATE — NOT ETSY TRANSACTION DATA,4538361671,Elosfineart,8.0,7,3.0,7,$13.51,"Wedding Planner Notion Template | Wedding Budget Tracker, Guest List, Vendor & Checklist | All in One Digital Wedding Organizer 2026",1,0,0
EVERBEE ESTIMATE — NOT ETSY TRANSACTION DATA,4466755847,AspireWithNat,7.0,43,2.0,7,$5.50,"Wedding Budget Spreadsheet, Planner, Guest List, Vendor Tracker (Google Sheets)",1,0,0
EVERBEE ESTIMATE — NOT ETSY TRANSACTION DATA,4535131627,ColleaguesStudio,2.0,29,2.0,6,$7.97,Hochzeitsplaner | Interaktiver Hochzeit Planer | Wedding Planner | Gästeliste | Sitzordnung | Planung & Organisation | Digital Download,1,0,0
EVERBEE ESTIMATE — NOT ETSY TRANSACTION DATA,4545698512,Meryemameziane,17.0,352,2.0,6,$17.03,"The Ultimate Wedding Day Binder Template, Edit in Canva, Wedding Itinerary, Instant Download, Digital Template, Printable, Wedding Planner",1,0,0
EVERBEE ESTIMATE — NOT ETSY TRANSACTION DATA,4556422559,DesignBrandLab,9.0,22,2.0,6,$16.88,"Digital Wedding Planner App | Wedding Budget, Guest List, Timeline & RSVP | Installable Web App | Works Offline",1,0,0
EVERBEE ESTIMATE — NOT ETSY TRANSACTION DATA,4519747311,PriorDesignhub,14.0,"1,272",3.0,6,$2.78,"Ultimate Wedding Planner Spreadsheet: Budget, Guest List, Timeline (Digital Download)",1,0,0
EVERBEE ESTIMATE — NOT ETSY TRANSACTION DATA,4521116825,SimplicitySuccess,30.0,"1,542",3.0,6,$17.60,Ivory Desk — Wedding Planner Business Dashboard for Google Sheets,0,0,0
EVERBEE ESTIMATE — NOT ETSY TRANSACTION DATA,4536805915,GoldenTemplateWorks,44.0,203,3.0,6,$29.95,"Wedding Venue Management Templates, Booking, Finance & Operations Planner",0,0,0
EVERBEE ESTIMATE — NOT ETSY TRANSACTION DATA,4557653363,OliviaPersonalised,17.0,765,2.0,5,$3.96,Personalised Thank You Cards Wedding|Wedding Photo Thank You Cards|Digital Template Canva|Digital Products|Digital Backdrop|Digital Planner,1,0,0
EVERBEE ESTIMATE — NOT ETSY TRANSACTION DATA,4535048023,MockupsByMarta,11.0,699,3.0,5,$13.50,Wedding Planner Mockup Bundle Canva A4 A5 Digital Planner Mockup Wedding Stationery Printable Display Mockup Instant Download,1,0,0
EVERBEE ESTIMATE — NOT ETSY TRANSACTION DATA,4550976597,OliviaPersonalised,17.0,765,2.0,5,$3.96,Save The Date Card|Save The Dates Card|Wedding Invitation|Personalised Invite|Invitation Digital|Templates|Digital Template| Digital Planner,1,0,0
EVERBEE ESTIMATE — NOT ETSY TRANSACTION DATA,4543884095,HumbleArtPrint,104.0,"10,658",3.0,4,$2.99,"Wedding Photography Shot List & Planner, Complete Photo Checklist, Wedding Photographer Timeline and Family Shot List, Printable, Canva",0,0,0
EVERBEE ESTIMATE — NOT ETSY TRANSACTION DATA,4540094941,MuseAndMakeCo,4.0,136,3.0,4,$19.00,"Destination Wedding Planner Spreadsheet, 53 Tab Excel & Google Sheets Command Center, Guest And Passport Tracker + BONUS 44 Page Binder",1,0,0
EVERBEE ESTIMATE — NOT ETSY TRANSACTION DATA,4548480431,SparkBranding,47.0,"7,373",2.0,4,$37.52,"Wedding Day Timeline Template: Editable Canva Mobile Guide, Weekend Itinerary for Wedding Planner (Digital Download)",0,0,0
EVERBEE ESTIMATE — NOT ETSY TRANSACTION DATA,4576904472,MegzCraftsArt,11.0,256,1.0,4,$13.32,"Bridesmaid Guide Website Template, Bridesmaid Planner, Bride Guide, Editable Canva Wedding Website, Maid of Honor Guide, Bridal Party",1,0,0
EVERBEE ESTIMATE — NOT ETSY TRANSACTION DATA,4547046508,Meryemameziane,17.0,352,2.0,4,$17.03,"The Ultimate Wedding Day Binder Template, Edit in Canva, Wedding Itinerary, Instant Download, Digital Template, Printable, Wedding Planner",1,0,0
EVERBEE ESTIMATE — NOT ETSY TRANSACTION DATA,4554092861,ProperlySorted,120.0,4,2.0,4,$28.00,"14 Tab Wedding Planner Spreadsheet | Budget, Guest List, Checklist (Digital Download)",0,0,0
EVERBEE ESTIMATE — NOT ETSY TRANSACTION DATA,4528418133,SerenaPaperie,5.0,55,3.0,3,$2.59,"Wedding Planner Spreadsheet, Google Sheets, Budget, Guest List, Honeymoon (Digital Download)",1,0,0
EVERBEE ESTIMATE — NOT ETSY TRANSACTION DATA,4548385898,Hivepointcreative,8.0,6,2.0,3,$10.00,Wedding Planner Template Canva | Printable Wedding Binder | Bridal Planner | Wedding Organizer | Budget Tracker | A4 Planner,1,0,0
EVERBEE ESTIMATE — NOT ETSY TRANSACTION DATA,4577505877,HappythoughtsbyjessA,62.0,37,1.0,3,$7.99,Wedding Day Coordinator Kit Printable | Wedding Day Timeline | Day of Coordinator Checklist | Vendor Contact Sheet | Wedding Planner PDF,0,0,0
EVERBEE ESTIMATE — NOT ETSY TRANSACTION DATA,4542213035,SerenaPaperie,5.0,55,2.0,3,$13.39,"The Ultimate Wedding Planner Spreadsheet, Google Sheets Budget Spreadsheet, Wedding Itinerary, Timeline, Checklist, Seating Chart,Guest RSVP",1,0,0
EVERBEE ESTIMATE — NOT ETSY TRANSACTION DATA,4526110158,SerenaPaperie,5.0,55,3.0,3,$3.39,"Wedding Photography Shot List Checklist, Planner, Questionnaire (Canva Editable)",1,0,0
EVERBEE ESTIMATE — NOT ETSY TRANSACTION DATA,4535179936,SouthernMuseStudios,16.0,"14,891",3.0,3,$7.99,"Amethyst Bride Junk Journal Kit Digital, Shabby Chic Wedding Ephemera, Vintage Bridal Scrapbook Paper, Romantic Honeymoon Planner, purple",1,0,0
EVERBEE ESTIMATE — NOT ETSY TRANSACTION DATA,4547880567,StudioWete,5.0,9,1.0,3,$19.77,Luxury Wedding Event Planner Proposal Template | Editable Canva Client Presentation (Luxury Welcome Packet),1,0,0
EVERBEE ESTIMATE — NOT ETSY TRANSACTION DATA,4473612432,MDvault,3.0,6,2.0,3,$2.19,Wedding Planner Printable Minimalist Wedding Organizer Bridal Planner PDF Wedding Checklist Instant Download,1,0,0
EVERBEE ESTIMATE — NOT ETSY TRANSACTION DATA,4534034599,BarexBloom,14.0,45,3.0,3,$5.50,"Wedding Planner Spreadsheet | Checklist, Budget Tracker, Guest List, Editable Wedding Template",1,0,0
EVERBEE ESTIMATE — NOT ETSY TRANSACTION DATA,4543308166,SparkBranding,47.0,"7,373",3.0,3,$37.52,"Wedding Day Itinerary Planner Template | Editable Day Run Sheet, Event & Wedding Day of Coordinator, Digital APP-Like Timelines Checklists",0,0,0
EVERBEE ESTIMATE — NOT ETSY TRANSACTION DATA,4536088236,SerenaPaperie,5.0,55,2.0,3,$3.99,"Wedding Seating Chart Template, Google Sheets Template, Wedding Guest List Tracker, Seating Chart Wedding, Print Ready Seating Chart Planner",1,0,0
EVERBEE ESTIMATE — NOT ETSY TRANSACTION DATA,4507696794,EmeraldHomeDecors,4.0,12,2.0,3,$2.99,"Ultimate Printable Planner Bundle 20 Templates, Budget Meal ADHD Study Fitness Wedding Business Planner, A4 PDF Instant Download",1,0,0
EVERBEE ESTIMATE — NOT ETSY TRANSACTION DATA,4562234392,ClearToolsCo,3.0,3,2.0,2,$8.99,Wedding Day Timeline Template | Auto-Calculating Vendor Contact Sheet | Editable Excel Google Sheets Wedding Planner | Digital Download,1,0,0
EVERBEE ESTIMATE — NOT ETSY TRANSACTION DATA,4537176349,WarmSoulGallery,54.0,"6,280",3.0,2,$427.00,Travel Agent Website Template Showit Travel Advisor Honeymoon Planner Destination Wedding Planner Portfolio Website Luxury Travel Agency,0,0,0
EVERBEE ESTIMATE — NOT ETSY TRANSACTION DATA,4540340617,MuseAndMakeCo,4.0,136,3.0,2,$19.00,"Backyard Wedding Planner Spreadsheet, Backyard & Home Wedding Budget + Command Center, Guest List Seating Timeline (Excel, Google Sheets)",1,0,0
EVERBEE ESTIMATE — NOT ETSY TRANSACTION DATA,4578098186,TheSimplySweetStudio,58.0,"3,751",1.0,2,$9.99,"Gift Tracker for Google Sheets, Birthday, Wedding and Holiday Gift Planner",0,0,0
EVERBEE ESTIMATE — NOT ETSY TRANSACTION DATA,4532310481,DigiproductGB,8.0,3,3.0,2,$20.47,"Wedding Planner Spreadsheet, Wedding Budget Tracker, Wedding Checklist Wedding Seating Chart,  Wedding Gift, Guest List Tracker Wedding Gift",1,0,0
EVERBEE ESTIMATE — NOT ETSY TRANSACTION DATA,4560568870,PrintAuraByNazeer,3.0,7,2.0,2,$5.23,Wedding Binder Printable | Wedding Planner PDF | Bridal Organizer | Wedding Budget Checklist | Planning Workbook | Digital Download,1,0,0
EVERBEE ESTIMATE — NOT ETSY TRANSACTION DATA,4490781601,TheStructureHQ,0.0,2,1.0,2,$16.19,Interactive Wedding Planner Digital Wedding Planner Budget Tracker Guest List Seating Chart Wedding Planning Template (Instant Download),1,0,0
EVERBEE ESTIMATE — NOT ETSY TRANSACTION DATA,4456655980,Nurinify,7.0,2,2.0,2,$5.00,"Wedding Planner Canva Editable, Wedding Planner Template Printable, Wedding Planning Checklist, Wedding Itinerary pdf, Instant Download",1,0,0
EVERBEE ESTIMATE — NOT ETSY TRANSACTION DATA,4436652036,CherryCloudDesigns,10.0,74,1.0,2,$1.16,"Wedding Timeline Planner, Floral Design (Editable Printable Schedule)",1,0,0
EVERBEE ESTIMATE — NOT ETSY TRANSACTION DATA,4514911246,moonletdigital,9.0,9,3.0,2,$6.50,"The Ultimate Wedding Day Binder Template, Edit in Canva, Wedding Itinerary, Wedding Checklist, Digital Template, Printable, Wedding Planner",1,0,0
EVERBEE ESTIMATE — NOT ETSY TRANSACTION DATA,4550588309,PrintAuraByNazeer,3.0,7,2.0,2,$3.26,"Wedding Planner Printable PDF | Bridal Binder, Organizer | Budget, Checklist & Guest List | Instant Download",1,0,0
EVERBEE ESTIMATE — NOT ETSY TRANSACTION DATA,4459741257,BusinessworldwiFinds,14.0,26,3.0,2,$9.00,"Modern Wedding Planner | Printable Wedding Organizer, Budget & Guest List Tracker, Timeline and Vendor Checklist",1,0,0
EVERBEE ESTIMATE — NOT ETSY TRANSACTION DATA,4552157179,CyrelStudio,5.0,12,2.0,2,$4.76,Printable Wedding Planner Template Canva Wedding Binder Budget Tracker Timeline Guest List Checklist RSVP Save The Date Fall Wedding,1,0,0
EVERBEE ESTIMATE — NOT ETSY TRANSACTION DATA,4556667588,TidyOpsWorks,3.0,4,2.0,2,$28.99,"Wedding Planner Spreadsheet, Wedding Budget Tracker, Guest List Seating Chart, Timeline Checklist, Google Sheets",1,0,0
EVERBEE ESTIMATE — NOT ETSY TRANSACTION DATA,4520590644,AmazingArtable,53.0,"7,825",3.0,2,$5.08,Round Pearls Clipart: luxury pearl clipart princess graphics Valentine wedding invitation rainbow pearl planner sticker ivory pink gemstone,0,0,0
EVERBEE ESTIMATE — NOT ETSY TRANSACTION DATA,4522954573,CreativeDesignsByJK,60.0,"14,230",3.0,2,$8.86,PLR MRR | The DIY Bride | 50 Page Wedding Planner Printable | Bridal Organizer Bundle | Wedding Binder Pdf | Engagement Gift | Digital,0,0,1
EVERBEE ESTIMATE — NOT ETSY TRANSACTION DATA,4550000620,PrintAuraByNazeer,3.0,7,2.0,2,$3.15,Ultimate Wedding Planner Printable PDF | Wedding Planner Book | Wedding Checklist | Wedding Binder | Digital Wedding Planner,1,0,0
EVERBEE ESTIMATE — NOT ETSY TRANSACTION DATA,4531614578,WeddingsDestressed,4.0,1,1.0,1,$6.73,"2026 Digital Wedding Planner & Stationery Suite (Guest List, Budget, Timeline)",1,0,0
EVERBEE ESTIMATE — NOT ETSY TRANSACTION DATA,4534812782,SweetpawStudioCo,109.0,103,3.0,1,$3.38,Bride Stickers PNG | 30 Wedding Sticker Sheet | Printable A4 Digital Download | Faceless Wedding Stickers | Planner Bride,0,0,0
EVERBEE ESTIMATE — NOT ETSY TRANSACTION DATA,4543202748,UDesigners,3.0,4,1.0,1,$4.99,Wedding Planner Printable Budget Tracker Guest List,1,0,0
EVERBEE ESTIMATE — NOT ETSY TRANSACTION DATA,4436630131,CherryCloudDesigns,10.0,74,1.0,1,$2.33,Wedding Planner Binder: Editable Floral Design - Printable Organizer,1,0,0
EVERBEE ESTIMATE — NOT ETSY TRANSACTION DATA,4576919751,QuietOliveGrove,8.0,44,1.0,1,$17.99,LDS Wedding Planner | 6 Month Engagement Binder | Temple Sealing Checklist | LDS Bride Preparation | Printable Wedding Organizer System,1,0,0
EVERBEE ESTIMATE — NOT ETSY TRANSACTION DATA,4536001959,PSfontstudio,37.0,"1,951",3.0,1,$3.00,Casual Script Handwritten Font | journal Script | Teacher Planner Cricut SVG Branding Logo Wedding Font TTF OTF | Seaside Ceremony Font,0,0,0
EVERBEE ESTIMATE — NOT ETSY TRANSACTION DATA,4541758322,TheCurioCraft,5.0,57,3.0,1,$14.99,"Interactive Digital Wedding Planner App: Budget, Guest List, Vendors & Seating Chart",1,0,0
EVERBEE ESTIMATE — NOT ETSY TRANSACTION DATA,4560611725,HumbleArtPrint,104.0,"10,658",2.0,1,$3.99,"Wedding Planning Checklist and Timeline, Canva Template, Editable Wedding Planner, 12 Month Countdown, Printable Wedding Day Timeline PDF",0,0,0
EVERBEE ESTIMATE — NOT ETSY TRANSACTION DATA,4532776137,MikisSunshine,47.0,61,3.0,1,$3.85,"Wedding Budget Planner, Guest List, Vendor Tracker, All in one Place, Personalised",0,0,0
EVERBEE ESTIMATE — NOT ETSY TRANSACTION DATA,4542740772,RCCStudioDesigns,32.0,437,2.0,1,$175.55,"Showit Website Template for Photographers, Wedding Photographer Website, Wedding Planner, DIY",0,0,0
EVERBEE ESTIMATE — NOT ETSY TRANSACTION DATA,4554499507,Joyfuldesignatelier,33.0,247,2.0,1,$19.00,"BakeSuite - Bakery Business App | Recipe Cost Calculator, Order Tracker, CRM & Wedding Cake Planner | No Subscription",0,0,0
EVERBEE ESTIMATE — NOT ETSY TRANSACTION DATA,4559622482,AllOfCreationSings,3.0,252,2.0,1,$18.99,"Christian Wedding Planner Printable, 62 Page Wedding Planning Binder, Faith Based Bride Planner, Marriage Prep Workbook, A4 PDF",1,0,0
EVERBEE ESTIMATE — NOT ETSY TRANSACTION DATA,4535051557,ProductivitieByLCo,4.0,74,2.0,1,$6.50,"Just Engaged Planner, Engagement Spreadsheet, First 90 Days After Proposal, Wedding Planning Checklist, Bride To Be Gift",1,0,0
EVERBEE ESTIMATE — NOT ETSY TRANSACTION DATA,4534518608,JidapaDesign,36.0,"3,962",2.0,1,$2.90,"Cute Engagement Clipart PNG, Blush Sage Gold Bundle, Kawaii Bow Daisy Ring She Said Yes Bridal Wedding Planner Sticker Commercial Use",0,0,0
EVERBEE ESTIMATE — NOT ETSY TRANSACTION DATA,4555581778,TinyOddThings,2.0,1,2.0,1,$3.49,"Wedding Planner Google Sheets Template | Budget, Guest List, Checklist (Digital Download)",1,0,0
EVERBEE ESTIMATE — NOT ETSY TRANSACTION DATA,4534551489,OfficeDigitalStore,3.0,1,3.0,1,$6.74,"Planner Matrimonio Excel Google Sheets Budget, Invitati Wedding Planner Digitale Italiano Sposa Sposo Sposini Amore Regalo Estate Primavera",1,0,0
EVERBEE ESTIMATE — NOT ETSY TRANSACTION DATA,4582350763,SAvectors,2.0,105,1.0,1,$2.99,"Ultimate Wedding Planner Book, Printable Wedding Binder Template, Digital Wedding Plan, Wedding Day Binder, Canva Wedding Planning Templates",1,0,0
EVERBEE ESTIMATE — NOT ETSY TRANSACTION DATA,4535901410,SageVowCo,35.0,2,2.0,1,$6.33,"Wedding Budget Planner Spreadsheet, Google Sheets & Excel, Guest List, Seating Chart (Digital Download)",0,0,0
EVERBEE ESTIMATE — NOT ETSY TRANSACTION DATA,4539752126,PlanAndPlentyShop,2.0,41,2.0,1,$5.99,"Ultimate Wedding Planner Printable | 69-Page Wedding Planning Binder | Wedding Budget, Timeline, Guest List & Vendor Organizer PDF",1,0,0
EVERBEE ESTIMATE — NOT ETSY TRANSACTION DATA,4534614865,BarexBloom,14.0,45,3.0,1,$6.00,Wedding Planner Template | Google Sheets & Excel | Budget Spreadsheet | Digital Wedding Organizer,1,0,0
