data_label,shop,shop_age_months,shop_total_sales,listing_id,title,listing_age_months,price,est_12mo_units,est_12mo_revenue,trend_12mo,last_3_months,queries,format,classification,rule
EVERBEE ESTIMATE — NOT ETSY TRANSACTION DATA,RoyalTemplatesShop,22.0,"3,715",1844366543,Editable Wedding Binder Canva Template: Minimal Wedding Planner PDF (Instant Download),19.0,$33.42,"1,867","$62,395.00",0 6 98 431 371 258 229 120 162 93 43 56,93 43 56,binder;broad;planner;wedding,hybrid (Canva+PDF),CLEAN,"CLEAN: shop 22 Mo.<=24mo; shop sales 3,715<=15,000; units 1,867>=100; active 11/12>=8; last3 192>0; not PLR (title+shop); contribution 0.503>=0.05"
EVERBEE ESTIMATE — NOT ETSY TRANSACTION DATA,SheetDesignLab,13.0,"3,984",4434900320,Wedding Planning Spreadsheet Budget Tracker Guest List Timeline Checklist Itinerary Seating Plan Venue Vendor Event Organizer Google Sheets,9.0,$3.32,"1,127","$3,742.00",0 0 0 20 52 144 72 164 247 144 110 174,144 110 174,budget;checklist;spreadsheet;tracker;wedding,Sheets,CLEAN,"CLEAN: shop 13 Mo.<=24mo; shop sales 3,984<=15,000; units 1,127>=100; active 9/12>=8; last3 428>0; not PLR (title+shop); contribution 0.283>=0.05"
EVERBEE ESTIMATE — NOT ETSY TRANSACTION DATA,AravellaCreative,14.0,"1,966",4379095171,"Wedding Planner Spreadsheet, Wedding Budget, Guest List & Seating Chart, Task and Vendor Organizer, Excel and Google Sheets Template",12.0,$26.41,"1,127","$29,764.00",373 226 150 160 55 36 91 18 0 0 18 0,0 18 0,budget;planner;spreadsheet;wedding,Sheets+Excel,CLEAN,"CLEAN: shop 14 Mo.<=24mo; shop sales 1,966<=15,000; units 1,127>=100; active 9/12>=8; last3 18>0; not PLR (title+shop); contribution 0.573>=0.05"
EVERBEE ESTIMATE — NOT ETSY TRANSACTION DATA,ForeverMomentStudio,14.0,"1,559",4389595935,"Wedding Planner Google Sheets, Budget Tracker Guest List Seating Chart Vendor Checklist Itinerary, Digital Wedding Planning Spreadsheet",11.0,$3.99,"1,056","$4,213.00",0 0 48 53 283 198 78 63 141 3 96 93,3 96 93,budget;checklist;planner;spreadsheet;tracker;wedding,Sheets,CLEAN,"CLEAN: shop 14 Mo.<=24mo; shop sales 1,559<=15,000; units 1,056>=100; active 10/12>=8; last3 192>0; not PLR (title+shop); contribution 0.677>=0.05"
EVERBEE ESTIMATE — NOT ETSY TRANSACTION DATA,editwithella,15.0,"2,151",4318849240,Wedding Day Blueprint - Editable Canva Template,15.0,$6.29,852,"$5,359.00",311 129 74 104 81 51 17 51 0 17 2 15,17 2 15,wedding,hybrid (Canva+PDF),CLEAN,"CLEAN: shop 15 Mo.<=24mo; shop sales 2,151<=15,000; units 852>=100; active 11/12>=8; last3 34>0; not PLR (title+shop); contribution 0.396>=0.05"
EVERBEE ESTIMATE — NOT ETSY TRANSACTION DATA,NeatsheetsTemplates,20.0,"2,484",1865054904,Wedding Planner Spreadsheet Wedding Budget Tracker Wedding Timeline Checklist Wedding Guest List Tracker Wedding Seating Chart Wedding Gift,20.0,$17.23,728,"$12,543.00",101 75 73 194 19 13 97 118 19 19 0 0,19 0 0,budget;checklist;planner;spreadsheet;tracker;wedding,unstated,CLEAN,"CLEAN: shop 20 Mo.<=24mo; shop sales 2,484<=15,000; units 728>=100; active 10/12>=8; last3 19>0; not PLR (title+shop); contribution 0.293>=0.05"
EVERBEE ESTIMATE — NOT ETSY TRANSACTION DATA,LinkDigitalStudio,15.0,"9,256",4323497785,"Wedding Planner Spreadsheet, Wedding Budget Spreadsheet, Wedding Google sheets Budget, Wedding Planning Checklist, Excel Seating Plan",15.0,$8.54,705,"$6,021.00",130 45 74 38 76 38 35 51 87 74 38 19,74 38 19,budget;checklist;planner;spreadsheet;wedding,Sheets+Excel,CLEAN,"CLEAN: shop 15 Mo.<=24mo; shop sales 9,256<=15,000; units 705>=100; active 12/12>=8; last3 131>0; not PLR (title+shop); contribution 0.076>=0.05"
EVERBEE ESTIMATE — NOT ETSY TRANSACTION DATA,LaurelJamesWeddingCo,11.0,793,4414508766,Wedding Binder Template | Canva (Digital Download),11.0,$6.99,663,"$4,634.00",0 9 109 115 54 107 89 18 55 71 18 18,71 18 18,binder;wedding,Canva,CLEAN,"CLEAN: shop 11 Mo.<=24mo; shop sales 793<=15,000; units 663>=100; active 11/12>=8; last3 107>0; not PLR (title+shop); contribution 0.836>=0.05"
EVERBEE ESTIMATE — NOT ETSY TRANSACTION DATA,IvyRepublicDesigns,16.0,"1,888",4324775168,"Stress-Free 500+ Page Wedding Planner Bundle, Wedding Binder, Wedding Planner Book, Printable Wedding Planner, Digital Wedding Planner",16.0,$57.97,587,"$34,028.00",12 9 28 60 81 72 55 68 48 68 54 32,68 54 32,binder;planner;wedding,PDF,CLEAN,"CLEAN: shop 16 Mo.<=24mo; shop sales 1,888<=15,000; units 587>=100; active 12/12>=8; last3 154>0; not PLR (title+shop); contribution 0.311>=0.05"
EVERBEE ESTIMATE — NOT ETSY TRANSACTION DATA,PaperieHeaven,17.0,"4,249",4321860998,"Wedding Checklist, Wedding Planning Checklist, Printable Wedding Checklist Template, Wedding Plan Checklist, Minimalist Wedding Checklist",16.0,$6.21,450,"$2,795.00",30 30 30 53 7 40 11 39 15 68 114 13,68 114 13,checklist;wedding,PDF,CLEAN,"CLEAN: shop 17 Mo.<=24mo; shop sales 4,249<=15,000; units 450>=100; active 12/12>=8; last3 195>0; not PLR (title+shop); contribution 0.106>=0.05"
EVERBEE ESTIMATE — NOT ETSY TRANSACTION DATA,DetailandDesigns,13.0,459,4382790240,Bachelorette/ Hen Weekend Itinerary Template: 15 Page Canva Planner (Digital),12.0,$15.87,450,"$7,142.00",38 38 29 9 86 47 38 51 63 0 38 13,0 38 13,planner,Canva,CLEAN,"CLEAN: shop 13 Mo.<=24mo; shop sales 459<=15,000; units 450>=100; active 11/12>=8; last3 51>0; not PLR (title+shop); contribution 0.98>=0.05"
EVERBEE ESTIMATE — NOT ETSY TRANSACTION DATA,IvyRepublicDesigns,16.0,"1,888",4324760260,"Stress-Free 180+ Page Day of Wedding Binder, Wedding Planner, Day of Coordinator, Wedding Binder Template, Wedding Schedule, Wedding Day",16.0,$45.97,428,"$19,675.00",11 20 21 27 24 39 58 62 37 40 52 37,40 52 37,binder;planner;wedding,unstated,CLEAN,"CLEAN: shop 16 Mo.<=24mo; shop sales 1,888<=15,000; units 428>=100; active 12/12>=8; last3 129>0; not PLR (title+shop); contribution 0.227>=0.05"
EVERBEE ESTIMATE — NOT ETSY TRANSACTION DATA,TheGoldenVows,22.0,783,1827844542,"Detailed Wedding Day Timeline Template | Main, Photographer, Venue, Hair & Makeup, Toastmaster | Editable Google Sheets Wedding Planner",22.0,$2.26,396,$895.00,44 22 0 22 22 22 66 44 78 16 38 22,16 38 22,planner;wedding,Sheets,CLEAN,"CLEAN: shop 22 Mo.<=24mo; shop sales 783<=15,000; units 396>=100; active 11/12>=8; last3 76>0; not PLR (title+shop); contribution 0.506>=0.05"
EVERBEE ESTIMATE — NOT ETSY TRANSACTION DATA,NeatsheetsTemplates,20.0,"2,484",1865089832,Wedding Planner Spreadsheet Wedding Budget Tracker Wedding Timeline Checklist Wedding Guest List Tracker Wedding Seating Chart Wedding Gift,20.0,$17.23,380,"$6,547.00",48 117 32 33 36 26 31 0 19 0 38 0,0 38 0,budget;checklist;planner;spreadsheet;tracker;wedding,unstated,CLEAN,"CLEAN: shop 20 Mo.<=24mo; shop sales 2,484<=15,000; units 380>=100; active 9/12>=8; last3 38>0; not PLR (title+shop); contribution 0.153>=0.05"
EVERBEE ESTIMATE — NOT ETSY TRANSACTION DATA,ETDesignsIreland,20.0,781,4311549837,Digital Wedding Planner - Google Sheet Instant Download - Fully Customisable - Wedding Planning - Stress Free Wedding Checklist,16.0,$10.22,352,"$3,597.00",81 84 38 50 44 22 11 0 0 22 0 0,22 0 0,checklist;wedding,Sheets,CLEAN,"CLEAN: shop 20 Mo.<=24mo; shop sales 781<=15,000; units 352>=100; active 8/12>=8; last3 22>0; not PLR (title+shop); contribution 0.451>=0.05"
EVERBEE ESTIMATE — NOT ETSY TRANSACTION DATA,idotoodesigns,8.0,213,4443850006,35-Page Wedding Planner Binder Template (Digital Download),8.0,$15.00,204,"$3,060.00",0 0 0 0 15 45 22 14 12 46 20 30,46 20 30,binder,unstated,CLEAN,"CLEAN: shop 8 Mo.<=24mo; shop sales 213<=15,000; units 204>=100; active 8/12>=8; last3 96>0; not PLR (title+shop); contribution 0.958>=0.05"
EVERBEE ESTIMATE — NOT ETSY TRANSACTION DATA,shopKaitlynKitchen,17.0,478,4295303173,Wedding Planner Binder Template: 30+ Editable Pages (Digital Download),17.0,$8.00,182,"$1,456.00",65 13 33 15 30 0 13 0 0 0 7 6,0 7 6,binder,unstated,CLEAN,"CLEAN: shop 17 Mo.<=24mo; shop sales 478<=15,000; units 182>=100; active 8/12>=8; last3 13>0; not PLR (title+shop); contribution 0.381>=0.05"
EVERBEE ESTIMATE — NOT ETSY TRANSACTION DATA,TheMemoirArchive,13.0,337,4369675747,"Editable Wedding Planner Binder Template: 145 Pages, Checklist, Bride Organizer (Digital Download)",13.0,$35.00,140,"$4,900.00",20 26 14 20 5 25 20 0 0 4 6 0,4 6 0,binder;checklist,unstated,CLEAN,"CLEAN: shop 13 Mo.<=24mo; shop sales 337<=15,000; units 140>=100; active 9/12>=8; last3 10>0; not PLR (title+shop); contribution 0.415>=0.05"
EVERBEE ESTIMATE — NOT ETSY TRANSACTION DATA,BlissBridePrints,24.0,408,1773746942,"Digital Bridesmaid Planning Questionnaire, Editable Google Form for Bridesmaid Bridal Party, Bride Wedding Planning",24.0,$1.99,126,$251.00,14 2 36 4 0 14 34 8 0 14 0 0,14 0 0,forms,unstated,CLEAN,"CLEAN: shop 24 Mo.<=24mo; shop sales 408<=15,000; units 126>=100; active 8/12>=8; last3 14>0; not PLR (title+shop); contribution 0.309>=0.05"
