data_label,listing_id,shop,job,price,est_12mo_units,last3,first9,trend,active_months,reviews,listing_age,shop_age,shop_sales,young_shop,rsvp,invitation,title
EVERBEE ESTIMATE — NOT ETSY TRANSACTION DATA,4372542148,OhLillyParty,WEDDING WEBSITE,17.99,140.0,14,126,24 4 0 28 0 0 56 14 0 14 0 0,6,11.0,13.0,81.0,8561.0,False,False,False,"Fully Customizable Wedding Website, Whimsical Wedding Website Template, Elegant Canva Wedding Website Template, Romantic Wedding Website"
EVERBEE ESTIMATE — NOT ETSY TRANSACTION DATA,4406499373,Oct19CreativeStudio,WEDDING WEBSITE (save-the-date variant),30.27,294.0,74,220,0 0 14 24 32 42 56 42 10 58 16 0,9,21.0,11.0,19.0,6177.0,True,True,True,Vintage Wedding Website Template Swan Canva Wedding Website RSVP Website Digital Wedding Invitation Save The Date Website Wedding Template
EVERBEE ESTIMATE — NOT ETSY TRANSACTION DATA,4402841353,TwentySeventhLane,WEDDING WEBSITE,13.5,144.0,9,135,0 3 10 25 16 7 38 9 27 0 9 0,9,16.0,11.0,53.0,202.0,False,False,True,Wedding Website Template | Editable Canva Wedding Website | Elegant One-Page Wedding Website | Digital Wedding Invitation
EVERBEE ESTIMATE — NOT ETSY TRANSACTION DATA,4365929070,Oct19CreativeStudio,WEDDING WEBSITE (save-the-date variant),25.79,238.0,28,210,66 4 42 14 4 38 0 24 18 14 0 14,10,19.0,13.0,19.0,6177.0,True,True,True,Minimalist Wedding Website Template With Custom Countdown Canva Wedding Website RSVP Website Digital Invitation Save The Date Website
EVERBEE ESTIMATE — NOT ETSY TRANSACTION DATA,4514928922,HausofRosie,WEDDING WEBSITE,39.38,162.0,128,34,0 0 0 0 0 0 0 0 34 58 13 57,4,11.0,4.0,12.0,957.0,True,True,True,"Ivory Wedding Website Template, Custom Monogram Wedding Website with RSVP, Embossed Canva Wedding Website, Digital Wedding Invitation - IV01"
EVERBEE ESTIMATE — NOT ETSY TRANSACTION DATA,4404197128,Oct19CreativeStudio,WEDDING WEBSITE (save-the-date variant),30.27,252.0,42,210,0 24 4 84 30 44 10 0 14 42 0 0,8,18.0,11.0,19.0,6177.0,True,True,True,Old Money Wedding Website Template Destination Wedding Canva Website with RSVP Digital Wedding Invitation Save The Date Website Wedding
EVERBEE ESTIMATE — NOT ETSY TRANSACTION DATA,4484752907,Oct19CreativeStudio,WEDDING WEBSITE (save-the-date variant),47.09,210.0,98,112,0 0 0 0 0 0 22 72 18 28 54 16,6,15.0,6.0,19.0,6177.0,True,True,True,Ivory Wedding Website Template With Embossed Monogram Canva Wedding Website with RSVP Minimalist Digital Invitation Save The Date Website
EVERBEE ESTIMATE — NOT ETSY TRANSACTION DATA,4524777501,TheIvoryInkStudio,WEDDING WEBSITE,33.77,128.0,126,2,0 0 0 0 0 0 0 0 2 17 54 55,4,6.0,4.0,40.0,7129.0,False,True,False,Countryside Wedding Website Template with RSVP | Editable Canva Website
EVERBEE ESTIMATE — NOT ETSY TRANSACTION DATA,4390171155,studiolaseine,OTHER (photographer site),162.58,190.0,40,150,0 13 27 6 14 24 34 2 30 9 23 8,11,19.0,12.0,39.0,2807.0,False,False,False,"Showit Website for Photographers, Showit Website Template Wedding Photographer Website, Showit Photographer Website, Photographer Website"
EVERBEE ESTIMATE — NOT ETSY TRANSACTION DATA,4461648437,HausofRosie,WEDDING WEBSITE,39.38,150.0,0,150,0 0 0 0 0 30 15 75 30 0 0 0,4,10.0,8.0,12.0,957.0,True,True,False,"Countryside Wedding Website Template, Rustic Wedding Website with RSVP Form, Editable Canva Design - CS01"
EVERBEE ESTIMATE — NOT ETSY TRANSACTION DATA,4479522374,OlivraeStudio,WEDDING WEBSITE,22.48,242.0,170,72,0 0 0 0 0 0 24 14 34 75 62 33,6,20.0,7.0,8.0,648.0,True,True,False,Countryside Wedding Website Template | Rustic Theme Wedding Website with RSVP Form | Editable Canva Template
EVERBEE ESTIMATE — NOT ETSY TRANSACTION DATA,4488197696,NDesignHouse,WEDDING WEBSITE,26.99,110.0,73,37,0 0 0 0 0 0 0 18 19 33 20 20,5,13.0,6.0,12.0,199.0,True,True,True,"Beach Wedding Website Template, Wedding Website Canva, RSVP & Countdown, Destination Invite, Minimalist Design, Digital Download"
EVERBEE ESTIMATE — NOT ETSY TRANSACTION DATA,4476494700,TheIvoryInkStudio,WEDDING WEBSITE,33.77,204.0,20,184,0 0 0 0 0 14 75 66 29 10 3 7,7,25.0,7.0,40.0,7129.0,False,True,False,Wedding Website Template with Custom Embossed Monogram & RSVP | Editable Canva Website
EVERBEE ESTIMATE — NOT ETSY TRANSACTION DATA,4512693566,OleInkandCo,WEDDING WEBSITE,35.05,215.0,158,57,0 0 0 0 0 0 0 24 33 48 49 61,5,31.0,5.0,17.0,685.0,True,True,False,"Old Money Wedding Website Template with RSVP, Editable Canva Website, Mobile Friendly Design"
EVERBEE ESTIMATE — NOT ETSY TRANSACTION DATA,4411759713,EasyAisleStudio,WEDDING WEBSITE,35.11,297.0,10,287,0 0 24 90 93 30 10 26 14 0 10 0,8,30.0,11.0,12.0,1130.0,True,True,False,"Old Money Wedding Website Template | Elegant Estate Canva Wedding Website with Built-In RSVP | Mobile-Friendly, No Experience Needed"
EVERBEE ESTIMATE — NOT ETSY TRANSACTION DATA,4502197835,WedMuseCreative,WEDDING WEBSITE,2.5,118.0,83,35,0 0 0 0 0 0 0 4 31 18 32 33,5,9.0,5.0,20.0,7387.0,True,True,True,Sage Green and Ivory Wedding Website Template with RSVP Luxury Wedding Website Template Editable Old Money Canva Site Digital Invitation
EVERBEE ESTIMATE — NOT ETSY TRANSACTION DATA,4409644158,EasyAisleStudio,WEDDING WEBSITE (save-the-date variant),35.11,129.0,0,129,0 0 10 22 38 39 10 0 10 0 0 0,6,13.0,11.0,12.0,1130.0,True,True,True,"Dusty Blue French Toile Wedding Website Template | Canva Wedding Website, Built-In RSVP & Live Countdown | Digital Invitation, Save the Date"
EVERBEE ESTIMATE — NOT ETSY TRANSACTION DATA,4399595998,BrideToBeDesignCo,WEDDING WEBSITE,16.02,299.0,54,245,0 0 17 69 22 42 42 0 53 10 32 12,9,25.0,11.0,49.0,28072.0,False,True,True,"Moody Vintage Romance Wedding Website Template, Editable Wedding Web Invitation, Elegant Online RSVP, Old Money Aesthetic Website Canva DIY"
EVERBEE ESTIMATE — NOT ETSY TRANSACTION DATA,4528818840,TheMoonveilAU,WEDDING WEBSITE,25.1,117.0,115,2,0 0 0 0 0 0 0 0 2 87 20 8,4,15.0,4.0,4.0,378.0,True,True,False,"Olive Old Money Wedding Website Template with RSVP, Music and Countdown Timer: Editable Canva Website (Digital Download)"
EVERBEE ESTIMATE — NOT ETSY TRANSACTION DATA,4540122926,PearlAisleStudio,ADJACENT (seating-chart site),9.9,209.0,209,0,0 0 0 0 0 0 0 0 0 15 80 114,3,11.0,3.0,16.0,975.0,True,False,False,"Seating Chart With QR Code Sign Wedding Website Template, Wedding Seating Chart, Digital Seating Chart Website,  Find Your Seat QR Code Sign"
EVERBEE ESTIMATE — NOT ETSY TRANSACTION DATA,4377901901,JuswanderCraft,WEDDING WEBSITE,22.26,148.0,11,137,12 23 11 24 14 26 13 6 8 3 6 2,12,7.0,13.0,57.0,222.0,False,False,False,"Modern Wedding Website Template, Canva Editable (Digital Download)"
EVERBEE ESTIMATE — NOT ETSY TRANSACTION DATA,4539149103,LoveAndVowsTemplates,WEDDING WEBSITE (save-the-date variant),25.0,109.0,109,0,0 0 0 0 0 0 0 0 0 25 62 22,3,24.0,3.0,10.0,571.0,True,False,True,Ivory White Save the Date Website Template Canva Vintage Photobooth Postcard Wedding Website Digital Invitation with Guest Address Form
EVERBEE ESTIMATE — NOT ETSY TRANSACTION DATA,4373071588,EleventhEdit,WEDDING WEBSITE,12.55,341.0,26,315,26 26 88 60 23 27 27 26 12 13 13 0,11,25.0,10.0,13.0,1881.0,True,False,False,Whimsical Fields Wedding Website: Customizable Canva Template (Digital Download)
EVERBEE ESTIMATE — NOT ETSY TRANSACTION DATA,4465848912,BuyAndCraft,WEDDING WEBSITE,3.04,112.0,0,112,0 0 0 0 0 0 32 16 64 0 0 0,3,7.0,7.0,27.0,25058.0,False,False,True,Wedding Website Template Old Money Canva Editable Digital invitation
EVERBEE ESTIMATE — NOT ETSY TRANSACTION DATA,4460008681,MushiPrintables,ADJACENT (seating-chart site),24.99,162.0,116,46,0 0 0 0 0 0 18 11 17 85 22 9,6,18.0,8.0,73.0,5289.0,False,False,False,"Wedding Seating Chart Website Canva Template, QR Code Sign Template, Alphabetical Guest Seating Website"
EVERBEE ESTIMATE — NOT ETSY TRANSACTION DATA,4417365507,DesignStudioJK,WEDDING WEBSITE,29.99,268.0,57,211,0 0 3 52 23 26 37 43 27 17 23 17,10,13.0,10.0,41.0,3477.0,False,False,True,"Elegant Wedding Website Template, Editable Canva Invitation (Digital Download)"
EVERBEE ESTIMATE — NOT ETSY TRANSACTION DATA,4425158343,EasyAisleStudio,WEDDING WEBSITE (save-the-date variant),29.49,296.0,20,276,0 0 1 59 64 65 36 12 39 10 10 0,9,30.0,10.0,12.0,1130.0,True,True,False,"Old Money Save the Date Website Template | Dark Olive Canva Wedding Website with Built-In RSVP | Mobile-Friendly, No Experience Needed"
EVERBEE ESTIMATE — NOT ETSY TRANSACTION DATA,4349634322,EleventhEdit,WEDDING WEBSITE,12.55,296.0,0,296,88 87 65 17 27 12 0 0 0 0 0 0,6,36.0,11.0,13.0,1881.0,True,False,False,"Beach Wedding Website Template: Minimalist, Customizable Canva Design (Digital Download)"
EVERBEE ESTIMATE — NOT ETSY TRANSACTION DATA,4416212336,LumoAtelier,WEDDING WEBSITE,30.42,105.0,15,90,0 0 0 15 0 0 45 10 20 0 0 15,5,7.0,10.0,23.0,2809.0,True,True,False,"Illustrated Wedding Website Template + RSVP – Editable in Canva, Mobile Friendly"
EVERBEE ESTIMATE — NOT ETSY TRANSACTION DATA,4518238117,blahaus,WEDDING WEBSITE,30.0,133.0,108,25,0 0 0 0 0 0 0 0 25 35 50 23,4,6.0,4.0,10.0,4684.0,True,True,True,Olive Green Wedding Website Template Canva | Digital Wedding Invitation with RSVP | Instant Download
EVERBEE ESTIMATE — NOT ETSY TRANSACTION DATA,4494038665,STUDIOGWYN,WEDDING WEBSITE,32.55,398.0,237,161,0 0 0 0 0 0 0 71 90 80 125 32,5,25.0,6.0,13.0,5233.0,True,True,True,Old Money Wedding Website Template with RSVP: Classic Lace Digital Invitation
EVERBEE ESTIMATE — NOT ETSY TRANSACTION DATA,4520120960,VeiledHaus,WEDDING WEBSITE,15.87,149.0,147,2,0 0 0 0 0 0 0 0 2 21 45 81,4,7.0,4.0,5.0,258.0,True,True,True,Wedding Website Invitation with RSVP form & editable Monogram | Canva Template
EVERBEE ESTIMATE — NOT ETSY TRANSACTION DATA,4412302488,STUDIOGWYN,WEDDING WEBSITE,32.55,783.0,105,678,0 0 40 172 99 88 68 116 95 51 38 16,10,49.0,11.0,13.0,5233.0,True,True,True,Old Money Wedding Website Template with RSVP: Classic Burgundy Digital Invitation
EVERBEE ESTIMATE — NOT ETSY TRANSACTION DATA,4383502628,EleventhEdit,WEDDING WEBSITE,12.55,326.0,0,326,0 39 79 39 65 13 65 22 4 0 0 0,8,25.0,9.0,13.0,1881.0,True,False,False,Vintage Prep Wedding Website Canva Template: Customizable Old Money (Digital Download)
EVERBEE ESTIMATE — NOT ETSY TRANSACTION DATA,4438266607,MushiPrintables,WEDDING WEBSITE,29.99,126.0,87,39,0 0 0 0 0 9 9 9 12 55 32 0,6,14.0,9.0,73.0,5289.0,False,True,False,"Greenery Wedding Website Template, Clickable RSVP, Multilingual (Canva Editable, Digital Download"
EVERBEE ESTIMATE — NOT ETSY TRANSACTION DATA,4420176842,STUDIOGWYN,WEDDING WEBSITE,32.55,271.0,32,239,0 0 0 36 46 77 48 32 0 0 6 26,7,17.0,10.0,13.0,5233.0,True,True,True,Olive Old Money Wedding Website Template with RSVP: Classic Digital Invitation
EVERBEE ESTIMATE — NOT ETSY TRANSACTION DATA,4519427062,blahaus,WEDDING WEBSITE,30.0,113.0,99,14,0 0 0 0 0 0 0 0 14 34 42 23,4,6.0,4.0,10.0,4599.0,True,True,True,Pearl & Ivory Wedding Website Template Canva | Digital Wedding Invitation with RSVP | Instant Download
EVERBEE ESTIMATE — NOT ETSY TRANSACTION DATA,4357677154,EleventhEdit,WEDDING WEBSITE,12.55,216.0,0,216,72 27 13 27 19 19 13 26 0 0 0 0,8,17.0,11.0,13.0,1881.0,True,False,False,Bright Floral Luxe Wedding Website Template: Customizable Canva Bridal Site (Digital Download
EVERBEE ESTIMATE — NOT ETSY TRANSACTION DATA,4502420073,STUDIOGWYN,WEDDING WEBSITE (save-the-date variant),18.94,367.0,223,144,0 0 0 0 0 0 0 58 86 104 71 48,5,23.0,5.0,13.0,5233.0,True,False,True,Old Money Lace Save The Date Wedding Website Template: Classic Digital Invitation
EVERBEE ESTIMATE — NOT ETSY TRANSACTION DATA,4360112610,RosieCreativeStudio,WEDDING WEBSITE,33.02,311.0,26,285,41 149 28 15 0 13 26 0 13 26 0 0,8,28.0,14.0,17.0,10825.0,True,True,False,Green Floral Wedding Website with RSVP Function: Editable Canva Template (Digital Download)
