data_label,buyer,status,listings,shops,clean_shops,active_shops,units,top_shop,top_shop_share,median_price,units_<$5,units_$5-9.99,units_$10-14.99,units_$15-24.99,units_$25+
EVERBEE ESTIMATE — NOT ETSY TRANSACTION DATA,Merch / decor / design assets (any buyer),DESIGN,163,148,97,98,90903,Embroiderydesignfont,0.055,5.96,0.387,0.395,0.108,0.084,0.026
EVERBEE ESTIMATE — NOT ETSY TRANSACTION DATA,Crafter (patterns),DESIGN,142,123,94,83,181843,ShopCrochetedbyK,0.036,6.42,0.267,0.558,0.126,0.031,0.019
EVERBEE ESTIMATE — NOT ETSY TRANSACTION DATA,Unassigned,VAGUE,62,49,38,30,30543,CassyOriginals,0.095,7.99,0.456,0.353,0.034,0.077,0.081
EVERBEE ESTIMATE — NOT ETSY TRANSACTION DATA,Productivity planner user,VAGUE,60,49,36,29,25909,EssentialPlansStudio,0.091,6.22,0.402,0.209,0.164,0.152,0.073
EVERBEE ESTIMATE — NOT ETSY TRANSACTION DATA,Household budgeter (#1-#7 live),LIVE_LL,60,39,32,26,40113,AbbyOrganizes,0.17,6.7,0.369,0.342,0.084,0.168,0.038
EVERBEE ESTIMATE — NOT ETSY TRANSACTION DATA,Wedding guest-facing decor,DESIGN,57,42,30,31,32974,EventsByAnn,0.083,9.0,0.387,0.183,0.07,0.143,0.216
EVERBEE ESTIMATE — NOT ETSY TRANSACTION DATA,IP / fan merch,DESIGN,52,42,30,29,56526,TCGShopper,0.127,4.99,0.576,0.32,0.045,0.012,0.046
EVERBEE ESTIMATE — NOT ETSY TRANSACTION DATA,Kids learning / party host,DESIGN,53,45,28,31,33532,TheCanvaDesigns,0.098,5.5,0.366,0.299,0.183,0.122,0.03
EVERBEE ESTIMATE — NOT ETSY TRANSACTION DATA,ADHD adult (excluded by brief),EXCLUDED_BY_BRIEF,36,31,23,21,22140,CustomGroupGifts,0.153,8.09,0.41,0.419,0.069,0.066,0.035
EVERBEE ESTIMATE — NOT ETSY TRANSACTION DATA,Expecting / new parent,VAGUE,21,19,17,11,17698,CozyCafePaperie,0.203,4.0,0.591,0.343,0.066,0.0,0.0
EVERBEE ESTIMATE — NOT ETSY TRANSACTION DATA,Esthetician / lash / nail / hair pro,CANDIDATE,28,24,16,14,8333,LuvionStudio,0.105,6.03,0.47,0.359,0.028,0.067,0.076
EVERBEE ESTIMATE — NOT ETSY TRANSACTION DATA,Engaged couple (wedding admin),CANDIDATE,17,16,16,8,8051,RoyalTemplatesShop,0.232,9.76,0.097,0.36,0.086,0.081,0.375
EVERBEE ESTIMATE — NOT ETSY TRANSACTION DATA,Nurse / nursing student,CANDIDATE,25,17,14,12,11377,TheNurseNest,0.22,7.74,0.172,0.39,0.096,0.187,0.156
EVERBEE ESTIMATE — NOT ETSY TRANSACTION DATA,Homeschool parent,CANDIDATE,17,16,14,11,8556,LearnAndPlayHouse,0.234,4.28,0.561,0.338,0.0,0.025,0.077
EVERBEE ESTIMATE — NOT ETSY TRANSACTION DATA,Teacher (classroom),CANDIDATE,26,23,12,19,9076,ThreeBigBrowns,0.175,3.97,0.682,0.275,0.017,0.025,0.0
EVERBEE ESTIMATE — NOT ETSY TRANSACTION DATA,Traveler,VAGUE,13,13,10,9,3459,FiftyBestie,0.161,7.8,0.437,0.157,0.248,0.158,0.0
EVERBEE ESTIMATE — NOT ETSY TRANSACTION DATA,Caregiver (#11/#16 adjacent),LIVE_LL,7,7,7,5,2463,FlorabyteDesigns,0.262,3.33,0.566,0.328,0.106,0.0,0.0
EVERBEE ESTIMATE — NOT ETSY TRANSACTION DATA,Student (general),VAGUE,8,8,6,7,1783,HappyCreationsbyKath,0.286,3.99,0.68,0.076,0.244,0.0,0.0
EVERBEE ESTIMATE — NOT ETSY TRANSACTION DATA,Allied-health student (non-nursing),CANDIDATE,9,8,5,5,2132,VetloSchool,0.233,15.5,0.206,0.139,0.0,0.536,0.118
EVERBEE ESTIMATE — NOT ETSY TRANSACTION DATA,Household readiness / end-of-life (excluded: Dept #1),EXCLUDED_BY_BRIEF,4,4,4,3,2069,ToAllMyMemories,0.332,12.5,0.242,0.313,0.0,0.445,0.0
EVERBEE ESTIMATE — NOT ETSY TRANSACTION DATA,Landlord (legal forms),CANDIDATE,4,4,3,4,1573,DuVenture,0.544,3.27,1.0,0.0,0.0,0.0,0.0
EVERBEE ESTIMATE — NOT ETSY TRANSACTION DATA,Real estate agent,CANDIDATE,5,5,3,3,1276,SmartAgentDocs,0.401,20.0,0.0,0.536,0.0,0.234,0.23
EVERBEE ESTIMATE — NOT ETSY TRANSACTION DATA,Short-term rental host,CANDIDATE,3,3,2,2,1664,OrellStudio,0.601,5.93,0.325,0.601,0.0,0.0,0.075
EVERBEE ESTIMATE — NOT ETSY TRANSACTION DATA,Home daycare / childcare provider,CANDIDATE,6,6,2,6,1300,elandesignsStudioCo,0.278,3.73,0.666,0.0,0.11,0.224,0.0
EVERBEE ESTIMATE — NOT ETSY TRANSACTION DATA,Therapist / BCBA / counselor (excluded: Dept #2 clinical path),EXCLUDED_BY_BRIEF,2,2,2,0,636,SelfCareSheets,0.759,22.95,0.0,0.0,0.0,0.759,0.241
EVERBEE ESTIMATE — NOT ETSY TRANSACTION DATA,Online reseller (#14 live),LIVE_LL,4,2,2,1,913,TemplateTrack,0.869,8.79,0.131,0.746,0.0,0.123,0.0
EVERBEE ESTIMATE — NOT ETSY TRANSACTION DATA,Notary (excluded: Dept #2),EXCLUDED_BY_BRIEF,2,2,2,1,286,TheOrganizedNotary,0.524,13.99,0.0,0.0,1.0,0.0,0.0
EVERBEE ESTIMATE — NOT ETSY TRANSACTION DATA,Home baker (#15 live),LIVE_LL,2,2,2,1,784,BrightVisionStudioCo,0.848,12.66,0.0,0.848,0.0,0.152,0.0
EVERBEE ESTIMATE — NOT ETSY TRANSACTION DATA,Cleaning-business owner,CANDIDATE,2,2,2,1,690,MandysCleaning,0.629,17.5,0.0,0.0,0.0,1.0,0.0
EVERBEE ESTIMATE — NOT ETSY TRANSACTION DATA,Separated parent (co-parenting #17 live),LIVE_LL,5,2,2,2,2267,TheTreasuredTreetop,0.641,18.99,0.0,0.0,0.359,0.54,0.101
EVERBEE ESTIMATE — NOT ETSY TRANSACTION DATA,Photographer,CANDIDATE,1,1,1,0,120,StudioAmelieDesign,1.0,14.39,0.0,0.0,1.0,0.0,0.0
