data_label,finalist,job,trigger,acquisition_phrase,brand_fit,relationship,relationship_reason,valid,credible,selling_shops,clean_shops,active_shops,health_active,health_fading,health_historic,health_other,units,young_listings,young_winners,young_winner_new_shops,young_le1mo,young_dup_pairs,plr,price_median,units_<$5,units_$5-9.99,units_$10-14.99,units_$15-24.99,units_$25+,formats
EVERBEE ESTIMATE — NOT ETSY TRANSACTION DATA,Nurse / nursing student,Shift report / handoff sheet,start of every shift; hand-off at shift change,nurse report sheet,STRONG (documentation / handoff),CORE,daily bedside workflow; re-bought per unit/specialty,True,True,7,3,2,2,1,1,4,2865,2,2,2,0,0,0,5.0,0.34,0.66,0.0,0.0,0.0,"{""unstated"": 4, ""Sheets/Excel"": 1, ""Canva"": 2, ""PDF"": 2}"
EVERBEE ESTIMATE — NOT ETSY TRANSACTION DATA,Nurse / nursing student,Patient assessment template,clinical rotation or new unit,head to toe assessment template,STRONG (documentation),P,many report sheets already contain an assessment block,True,True,2,1,0,0,1,1,0,910,0,0,0,0,0,0,7.04,0.0,1.0,0.0,0.0,0.0,"{""unstated"": 1, ""PDF"": 1}"
EVERBEE ESTIMATE — NOT ETSY TRANSACTION DATA,Nurse / nursing student,Career documents (resume / pivot),"job change, new-grad hiring, career pivot",nurse resume template,MEDIUM (career admin),C,different trigger (job change); never replaced by a report sheet,True,True,3,2,1,1,1,0,1,1144,1,1,0,0,0,0,11.9,0.0,0.0,0.52,0.0,0.48,"{""PDF"": 1, ""Word/Docs"": 2}"
EVERBEE ESTIMATE — NOT ETSY TRANSACTION DATA,Nurse / nursing student,Unit recognition / staff appreciation,"Nurses Week, preceptor thank-you (bought by charge nurse / manager)",nurse appreciation awards,WEAK (gift),C,different buyer role (charge nurse/manager) and occasion,True,False,5,0,1,1,0,1,3,897,1,1,1,1,0,0,4.0,0.57,0.0,0.0,0.43,0.0,"{""unstated"": 3, ""PDF"": 1, ""Canva"": 1}"
EVERBEE ESTIMATE — NOT ETSY TRANSACTION DATA,Nurse / nursing student,School planner / clinical tracker,semester start,nursing school planner,STRONG (planning / records),C,student-phase scheduling; different artifact,True,True,4,2,1,1,1,0,2,1494,2,2,2,0,0,0,2.8,0.79,0.21,0.0,0.0,0.0,"{""unstated"": 1, ""PDF"": 3}"
EVERBEE ESTIMATE — NOT ETSY TRANSACTION DATA,Nurse / nursing student,Drug / pharmacology reference,pharm course; new meds on unit,pharmacology cheat sheet,WEAK (clinical content; liability),P,overlaps study bundles and bedside cheat sheets,True,False,7,3,4,4,0,0,3,2054,0,0,0,0,0,0,10.0,0.19,0.25,0.17,0.1,0.3,"{""unstated"": 4, ""PDF"": 3}"
EVERBEE ESTIMATE — NOT ETSY TRANSACTION DATA,Nurse / nursing student,Bedside quick-reference,new specialty unit / float,nurse cheat sheet,WEAK (clinical content; liability),P,overlaps pharmacology reference and study bundles,True,False,6,2,0,0,2,1,3,1771,1,1,0,0,0,0,8.0,0.0,0.69,0.11,0.2,0.0,"{""unstated"": 2, ""Sheets/Excel"": 2, ""Canva"": 1, ""PDF"": 2}"
EVERBEE ESTIMATE — NOT ETSY TRANSACTION DATA,Nurse / nursing student,Course / exam study notes,exam / course,nursing study guide,WEAK (education content),S,"4,400-page ""nursing school notes"" mega bundles replace single study guides",False,False,9,5,3,3,4,2,3,5721,3,3,3,1,0,0,17.0,0.1,0.15,0.02,0.47,0.26,"{""Sheets/Excel"": 6, ""unstated"": 4, ""PDF"": 4}"
EVERBEE ESTIMATE — NOT ETSY TRANSACTION DATA,Esthetician / lash / nail / hair pro,Contracts / client policy / consent,opening a suite / renting a booth,salon booth rental agreement,STRONG (admin / records),C,"legal/admin artifact, different trigger",False,False,1,0,0,0,0,1,0,184,10,0,0,0,0,0,3.5,1.0,0.0,0.0,0.0,0.0,"{""PDF"": 1}"
EVERBEE ESTIMATE — NOT ETSY TRANSACTION DATA,Esthetician / lash / nail / hair pro,Client aftercare cards,every appointment,lash aftercare card,MEDIUM (client documentation),C,per-service client hand-out,False,False,2,0,0,0,0,1,2,577,6,0,0,0,0,0,5.54,0.0,1.0,0.0,0.0,0.0,"{""unstated"": 1, ""Canva"": 1, ""PDF"": 3}"
EVERBEE ESTIMATE — NOT ETSY TRANSACTION DATA,Esthetician / lash / nail / hair pro,Training / course materials,teaching students / launching a course,lash training manual,MEDIUM,C,only for pros who teach,True,True,5,2,0,0,2,0,3,945,1,0,0,0,0,1,15.92,0.15,0.0,0.2,0.35,0.3,"{""unstated"": 2, ""Canva"": 3}"
EVERBEE ESTIMATE — NOT ETSY TRANSACTION DATA,Esthetician / lash / nail / hair pro,Service menu / price list,"price change, new services",salon price list template,MEDIUM (pricing),P,often bundled into branding kits,False,False,10,0,0,0,0,8,2,2084,6,0,0,1,0,0,4.5,0.57,0.32,0.11,0.0,0.0,"{""unstated"": 1, ""Canva"": 9, ""PDF"": 1}"
EVERBEE ESTIMATE — NOT ETSY TRANSACTION DATA,Esthetician / lash / nail / hair pro,Online booking site,going independent / new booking system,acuity scheduling template,WEAK (web design),CORE,one-time set-up of the booking front door,True,False,18,5,5,5,4,4,8,7691,12,0,0,0,11,0,5.0,0.49,0.45,0.0,0.03,0.02,"{""Canva"": 22, ""app/web"": 7}"
EVERBEE ESTIMATE — NOT ETSY TRANSACTION DATA,Esthetician / lash / nail / hair pro,Brand identity (logo / card),launching the business,lash tech business card,WEAK (design),P,branding kits bundle logo + card + IG,True,False,18,4,3,3,2,7,9,5391,17,0,0,4,7,0,4.33,0.58,0.32,0.07,0.0,0.02,"{""unstated"": 10, ""Canva"": 13, ""PDF"": 1}"
EVERBEE ESTIMATE — NOT ETSY TRANSACTION DATA,Esthetician / lash / nail / hair pro,Social content (posts / reels),ongoing marketing,esthetician instagram templates,WEAK (design),P,branding kits bundle IG templates,True,False,12,6,3,3,3,6,2,2952,14,2,1,2,11,1,22.5,0.16,0.17,0.0,0.46,0.21,"{""unstated"": 11, ""Canva"": 6}"
EVERBEE ESTIMATE — NOT ETSY TRANSACTION DATA,Esthetician / lash / nail / hair pro,Promotion / booking flyers,monthly / seasonal promotion,booking flyer,WEAK (design),C,monthly re-purchase; seasonal,True,False,46,2,4,4,2,35,15,18045,9,3,3,1,4,0,2.99,0.87,0.12,0.01,0.0,0.0,"{""unstated"": 19, ""Canva"": 58}"
EVERBEE ESTIMATE — NOT ETSY TRANSACTION DATA,Homeschool parent,High-school transcript,teen applying to college / job,homeschool transcript template,STRONG (records),C,records for college applications,True,True,3,1,1,1,0,1,1,898,1,1,0,0,0,0,3.98,0.7,0.3,0.0,0.0,0.0,"{""Canva"": 2, ""PDF"": 1}"
EVERBEE ESTIMATE — NOT ETSY TRANSACTION DATA,Homeschool parent,Diploma / graduation,graduation,homeschool diploma,MEDIUM (document),C,one-time graduation document,True,True,2,1,0,0,1,0,1,1003,0,0,0,0,0,0,3.5,1.0,0.0,0.0,0.0,0.0,"{""unstated"": 1, ""Canva"": 1}"
EVERBEE ESTIMATE — NOT ETSY TRANSACTION DATA,Homeschool parent,Attendance / compliance / progress records,"state reporting, annual review",homeschool attendance record,STRONG (records / compliance),P,all-in-one homeschool planners often include attendance,False,False,1,0,0,0,0,0,1,133,3,3,2,0,0,0,4.8,1.0,0.0,0.0,0.0,0.0,"{""PDF"": 1}"
EVERBEE ESTIMATE — NOT ETSY TRANSACTION DATA,Homeschool parent,Planner / lesson scheduling,school-year start,homeschool planner,STRONG (planning),CORE,yearly planning,True,True,13,5,6,6,0,2,5,3266,10,10,5,0,0,0,3.96,0.64,0.24,0.05,0.07,0.0,"{""unstated"": 1, ""PDF"": 11, ""fillable PDF"": 1, ""Sheets/Excel"": 2, ""Canva"": 2}"
EVERBEE ESTIMATE — NOT ETSY TRANSACTION DATA,Homeschool parent,Faith / Bible crafts,weekly lesson,bible craft printable,WEAK (content),C,"content, different budget line",True,False,16,5,3,3,3,6,9,14082,35,35,27,3,0,0,4.28,0.97,0.02,0.01,0.0,0.0,"{""unstated"": 3, ""PDF"": 46}"
EVERBEE ESTIMATE — NOT ETSY TRANSACTION DATA,Homeschool parent,Curriculum / worksheets,subject gap / new grade,homeschool curriculum,WEAK (education content),C,content; different supplier choice,True,False,17,9,7,7,3,2,7,7460,24,24,15,4,0,4,3.26,0.39,0.46,0.0,0.07,0.09,"{""Sheets/Excel"": 10, ""PDF"": 12}"
EVERBEE ESTIMATE — NOT ETSY TRANSACTION DATA,Real estate agent,Licence exam prep,pre-licence course,real estate exam cheat sheet,WEAK (education),C,pre-licence phase; different moment,False,False,1,1,1,1,0,0,0,228,0,0,0,0,0,0,18.99,0.0,0.0,0.0,1.0,0.0,"{""unstated"": 1}"
EVERBEE ESTIMATE — NOT ETSY TRANSACTION DATA,Real estate agent,Buyer consultation / guide,new buyer client,real estate buyer guide,MEDIUM (client documentation),CORE,per buyer client,True,True,4,1,0,0,1,1,2,1305,12,1,1,1,1,0,9.48,0.2,0.41,0.08,0.31,0.0,"{""unstated"": 1, ""Canva"": 5}"
EVERBEE ESTIMATE — NOT ETSY TRANSACTION DATA,Real estate agent,Seller / listing presentation,listing appointment,listing presentation template,MEDIUM,C,per listing appointment,False,False,1,0,0,0,0,0,1,576,9,0,0,0,3,0,10.48,0.0,0.6,0.4,0.0,0.0,"{""unstated"": 1, ""Canva"": 1}"
EVERBEE ESTIMATE — NOT ETSY TRANSACTION DATA,Real estate agent,Open house kit,each open house,open house sign in sheet,MEDIUM (records),C,per open house,True,True,4,0,1,1,0,0,3,580,10,0,0,1,2,0,6.14,0.5,0.5,0.0,0.0,0.0,"{""unstated"": 1, ""Canva"": 2, ""PDF"": 1}"
EVERBEE ESTIMATE — NOT ETSY TRANSACTION DATA,Real estate agent,Transaction / closing,under contract,real estate closing checklist,STRONG (workflow),C,per contract,False,False,1,0,0,0,0,0,1,132,3,0,0,0,0,0,19.96,0.0,0.0,0.0,1.0,0.0,"{""Canva"": 1}"
EVERBEE ESTIMATE — NOT ETSY TRANSACTION DATA,Real estate agent,Prospecting mail / farming,monthly prospecting,real estate postcard,WEAK (marketing design),P,mega marketing bundles cover mail + social,False,False,2,0,0,0,0,1,2,666,20,3,1,1,23,0,9.98,0.0,0.63,0.16,0.21,0.0,"{""Canva"": 5}"
EVERBEE ESTIMATE — NOT ETSY TRANSACTION DATA,Real estate agent,Listing marketing (flyer / sign),each new listing,real estate flyer,WEAK (design),P,mega marketing bundles,False,False,2,0,0,0,0,0,2,327,4,0,0,0,0,1,10.96,0.0,0.6,0.4,0.0,0.0,"{""unstated"": 1, ""Canva"": 1}"
EVERBEE ESTIMATE — NOT ETSY TRANSACTION DATA,Real estate agent,Social content,ongoing marketing,realtor instagram templates,WEAK (design),P,mega marketing bundles (1000+ templates),True,False,6,1,1,1,1,4,2,1805,21,2,0,1,15,0,17.06,0.0,0.28,0.34,0.13,0.24,"{""Canva"": 10}"
EVERBEE ESTIMATE — NOT ETSY TRANSACTION DATA,Real estate agent,Client gifts,closing gift,realtor closing gift,WEAK (gift),C,closing gift,False,False,1,1,1,1,0,0,0,189,2,0,0,0,0,0,35.0,0.0,0.0,0.0,0.0,1.0,"{""unstated"": 1}"
EVERBEE ESTIMATE — NOT ETSY TRANSACTION DATA,Engaged couple (wedding admin),Budget / vendor payments,"after engagement, booking vendors",wedding budget spreadsheet,STRONG (money),S,all-in-one wedding planner spreadsheets include budget + guests + timeline,False,False,5,5,3,3,2,0,0,5171,41,2,2,7,63,0,13.61,0.22,0.35,0.0,0.21,0.22,"{""Sheets/Excel"": 6}"
EVERBEE ESTIMATE — NOT ETSY TRANSACTION DATA,Engaged couple (wedding admin),Guest list / RSVP / seating,invitations,wedding guest list,STRONG (records),S,included in all-in-one planner spreadsheets,False,False,14,5,9,9,3,2,2,9517,4,2,0,0,0,1,19.0,0.21,0.08,0.06,0.25,0.39,"{""unstated"": 1, ""Sheets/Excel"": 1, ""Canva"": 12, ""app/web"": 5}"
EVERBEE ESTIMATE — NOT ETSY TRANSACTION DATA,Engaged couple (wedding admin),Day-of timeline / binder,final month,wedding day timeline,STRONG (scheduling),P,day-of binders are sold separately but planners include timelines,True,True,7,7,4,4,3,0,0,3218,13,1,0,1,2,1,9.76,0.12,0.5,0.11,0.14,0.13,"{""Sheets/Excel"": 1, ""unstated"": 2, ""Canva"": 4}"
EVERBEE ESTIMATE — NOT ETSY TRANSACTION DATA,Engaged couple (wedding admin),Master planner / binder,start of planning,wedding planner spreadsheet,STRONG (planning),CORE,start of planning,True,True,10,9,4,4,5,2,0,4978,36,0,0,9,6,2,10.22,0.08,0.26,0.07,0.04,0.55,"{""unstated"": 4, ""Sheets/Excel"": 2, ""Canva"": 3, ""PDF"": 2}"
EVERBEE ESTIMATE — NOT ETSY TRANSACTION DATA,Engaged couple (wedding admin),Bridesmaid / bachelorette admin,wedding party,bachelorette itinerary,MEDIUM,C,different occasion and buyer (maid of honour),False,False,0,0,0,0,0,0,0,0,0,0,0,0,0,0,,0.0,0.0,0.0,0.0,0.0,{}
