data_label,finalist,job,pool,listing_id,shop,price,units,status,health,shop_age,title
EVERBEE ESTIMATE — NOT ETSY TRANSACTION DATA,Nurse / nursing student,Shift report / handoff sheet,entrant,4338932280,TheNurseNest,6.66,1136,CLEAN,ACTIVE,,"Editable Nurse Report Sheet: Med Surg ICU, RN Report (PDF & Canva Template)"
EVERBEE ESTIMATE — NOT ETSY TRANSACTION DATA,Nurse / nursing student,Shift report / handoff sheet,entrant,4382906571,NurseMama2025,1.0,389,REJECT,OTHER,,Nurse Report Sheet
EVERBEE ESTIMATE — NOT ETSY TRANSACTION DATA,Nurse / nursing student,Shift report / handoff sheet,entrant,1863344662,RNGrind,3.14,320,CLEAN,ACTIVE,,SBAR Nurse Report Sheet | Med Surg SBAR Report Sheet for Nursing Student | Brain
EVERBEE ESTIMATE — NOT ETSY TRANSACTION DATA,Nurse / nursing student,Shift report / handoff sheet,entrant,4350602183,TheNurseNest,7.74,273,CLEAN,ACTIVE,,SBAR Nursing Report Templates: Editable Nurse Handoff Sbar Sheets (PDF)
EVERBEE ESTIMATE — NOT ETSY TRANSACTION DATA,Nurse / nursing student,Shift report / handoff sheet,entrant,4396827938,AdvanceNursing,6.3,184,REJECT,OTHER,,MedSurg Nurse Report Sheet Day Shift (Digital Download)
EVERBEE ESTIMATE — NOT ETSY TRANSACTION DATA,Nurse / nursing student,Shift report / handoff sheet,entrant,4396169507,yournursebestieco,5.0,165,CLEAN,FADING,,ICU Nurse Report Sheet | Customizable RN Template (Digital Download)
EVERBEE ESTIMATE — NOT ETSY TRANSACTION DATA,Nurse / nursing student,Shift report / handoff sheet,young<=3mo winner,4562854089,UnclutterYourLife,1.6,61,,,8,"Nursing Report Sheet for Med Surg and ICU, Nurse Brain for New Grads"
EVERBEE ESTIMATE — NOT ETSY TRANSACTION DATA,Nurse / nursing student,Shift report / handoff sheet,young<=3mo winner,4564690213,MackHausCo,4.99,32,,,16,Med-Surg Nurse 4 Patient Report Sheet
EVERBEE ESTIMATE — NOT ETSY TRANSACTION DATA,Nurse / nursing student,Patient assessment template,entrant,4336491209,TheNurseNest,7.4,588,CLEAN,FADING,,Editable Head-to-Toe Nursing Assessment Template: Clinical Study Sheet (Digital 
EVERBEE ESTIMATE — NOT ETSY TRANSACTION DATA,Nurse / nursing student,Patient assessment template,entrant,4374113232,AdvanceNursing,6.67,322,REJECT,HISTORIC,,Head to Toe Nursing Assessment Checklist | Patient Assessment Template | Nursing
EVERBEE ESTIMATE — NOT ETSY TRANSACTION DATA,Nurse / nursing student,Career documents (resume / pivot),entrant,4338515589,LegalNurseLeads,99.0,551,CLEAN,FADING,,Legal Nurse Consultant Starter Bundle | Resume + Marketing + Report Writing | In
EVERBEE ESTIMATE — NOT ETSY TRANSACTION DATA,Nurse / nursing student,Career documents (resume / pivot),entrant,4357530594,ResumeInn,11.9,449,CLEAN,ACTIVE,,"Nurse Resume Template Word, Google Docs,Apple Pages Resume Template, Nurse CV, N"
EVERBEE ESTIMATE — NOT ETSY TRANSACTION DATA,Nurse / nursing student,Career documents (resume / pivot),entrant,4461361075,ZeeWins,10.13,144,REJECT,OTHER,,"Nurse Resume Template Word, Google-Docs,Pages Registered Nurse Resume Template R"
EVERBEE ESTIMATE — NOT ETSY TRANSACTION DATA,Nurse / nursing student,Career documents (resume / pivot),young<=3mo winner,4527443433,PixelartStd,9.0,32,,,58,"Nursing Resume Template, Registered Nurse Resume RN, CNA, Canva Word P"
EVERBEE ESTIMATE — NOT ETSY TRANSACTION DATA,Nurse / nursing student,Unit recognition / staff appreciation,entrant,4398720279,BrightNotePrintables,16.6,209,REJECT,OTHER,,"Snack and Candy Treat Tags for Employee, Teacher, Staff, Nurse Appreciation Week"
EVERBEE ESTIMATE — NOT ETSY TRANSACTION DATA,Nurse / nursing student,Unit recognition / staff appreciation,entrant,4401812765,Gracebydesignsprints,4.0,200,REJECT,OTHER,,Labor & Delivery Nurse Thank You Card | Hospital Staff Appreciation (Digital Dow
EVERBEE ESTIMATE — NOT ETSY TRANSACTION DATA,Nurse / nursing student,Unit recognition / staff appreciation,entrant,4301185762,SkyMadeTreasures,16.0,176,REJECT,OTHER,,"Editable Nurse Superlatives Award Certificates, Nursing Awards Funny Gift, Staff"
EVERBEE ESTIMATE — NOT ETSY TRANSACTION DATA,Nurse / nursing student,Unit recognition / staff appreciation,entrant,4432321646,PNWDesignSmith,2.99,172,REJECT,HISTORIC,,Cardiac Warrior Nurse Appreciation Patriotic Home Decor Medical Office 3d Yarn W
EVERBEE ESTIMATE — NOT ETSY TRANSACTION DATA,Nurse / nursing student,Unit recognition / staff appreciation,entrant,4492304707,TheneonnestStudio,3.97,140,NEAR-CLEAN,ACTIVE,,"50 Nursing Awards Funny Superlatives Printable, Editable Nurse Award Certificate"
EVERBEE ESTIMATE — NOT ETSY TRANSACTION DATA,Nurse / nursing student,Unit recognition / staff appreciation,young<=3mo winner,4490987335,HolyChaosAndCo,1.49,62,,,19,"NURSE Appreciation Gift Tag, Happy Nurses Week Printable, Editable Tha"
EVERBEE ESTIMATE — NOT ETSY TRANSACTION DATA,Nurse / nursing student,School planner / clinical tracker,entrant,4344896137,DigiPlannerLab,2.7,627,CLEAN,ACTIVE,,"Daily Medication Tracker, Medication Log, Printable Medicine Log for Nurses, Med"
EVERBEE ESTIMATE — NOT ETSY TRANSACTION DATA,Nurse / nursing student,School planner / clinical tracker,entrant,4297094550,FreshFolioPrintables,2.52,433,REJECT,OTHER,,"Daily Medication Tracker, Medication Log, Printable Medicine Log for Nurses, Med"
EVERBEE ESTIMATE — NOT ETSY TRANSACTION DATA,Nurse / nursing student,School planner / clinical tracker,entrant,4349928712,ScrubDoodles,7.0,320,CLEAN,FADING,,Nursing school Planner/Tracker Nighingale College Tracker
EVERBEE ESTIMATE — NOT ETSY TRANSACTION DATA,Nurse / nursing student,School planner / clinical tracker,entrant,4383490034,DuVenture,2.9,114,REJECT,OTHER,,"Vital Signs Log, Daily Vital Signs Tracker Nurse, Vital Sign Template Chart Shee"
EVERBEE ESTIMATE — NOT ETSY TRANSACTION DATA,Nurse / nursing student,School planner / clinical tracker,young<=3mo winner,4539270169,MutedStudioCo,20.14,51,,,4,"School Nurse Planner & Health Office Tracker | Medication Log, Immuniz"
EVERBEE ESTIMATE — NOT ETSY TRANSACTION DATA,Nurse / nursing student,School planner / clinical tracker,young<=3mo winner,4535052887,Templix8,6.6,34,,,13,"2026 2027 Student Planner Bundle, Printable Academic Planner, Nursing "
EVERBEE ESTIMATE — NOT ETSY TRANSACTION DATA,Nurse / nursing student,Drug / pharmacology reference,entrant,4368159260,AdvanceNursing,6.42,506,CLEAN,ACTIVE,,"Editable Pharmacology Study Sheet, Nursing Meds Guide (PDF)"
EVERBEE ESTIMATE — NOT ETSY TRANSACTION DATA,Nurse / nursing student,Drug / pharmacology reference,entrant,4479543640,Blossomsprintablez,40.0,456,NEAR-CLEAN,ACTIVE,,"Nursing School Notes 4400+ Pages, Nclex Study Guide | MedSurg | Pharmacology |  "
EVERBEE ESTIMATE — NOT ETSY TRANSACTION DATA,Nurse / nursing student,Drug / pharmacology reference,entrant,4349660646,Drumy,10.0,340,CLEAN,ACTIVE,,Pharmacology Cheat Sheet Bundle | Nursing Study Notes (Instant Download)
EVERBEE ESTIMATE — NOT ETSY TRANSACTION DATA,Nurse / nursing student,Drug / pharmacology reference,entrant,4441750252,LOUVADA,1.74,288,CLEAN,ACTIVE,,"NURSING concept map bundle TEMPLATE, pharmacology, disease processes, student nu"
EVERBEE ESTIMATE — NOT ETSY TRANSACTION DATA,Nurse / nursing student,Drug / pharmacology reference,entrant,4346677772,DigitalBloomByKett,17.0,209,REJECT,OTHER,,FNP Pharmacology Review: Nurse Practitioner Study Guide & Practice Questions Hyp
EVERBEE ESTIMATE — NOT ETSY TRANSACTION DATA,Nurse / nursing student,Drug / pharmacology reference,entrant,4426965872,VetloSchool,25.0,153,REJECT,OTHER,,Pharmacology Coloring Book PDF Hyperlinked Bundle | 220+ Pages | 200+ Drugs | Nu
EVERBEE ESTIMATE — NOT ETSY TRANSACTION DATA,Nurse / nursing student,Bedside quick-reference,entrant,4329662839,TheNurseNest,7.14,504,CLEAN,FADING,,Cranial Nerves Assessment: Nursing Cheat Sheet with Mnemonics (Printable PDF & C
EVERBEE ESTIMATE — NOT ETSY TRANSACTION DATA,Nurse / nursing student,Bedside quick-reference,entrant,4477026923,SnookToSky,20.0,356,REJECT,OTHER,,Phlebotomy Cheat Sheet PDF | Nursing Study Guide | Order of Draw Chart | Tube Co
EVERBEE ESTIMATE — NOT ETSY TRANSACTION DATA,Nurse / nursing student,Bedside quick-reference,entrant,4335754112,SnookToSky,8.0,299,REJECT,OTHER,,ER Nurse Cheat Sheets: 90+ Emergency Reference Guide (Digital Download 2025-26 U
EVERBEE ESTIMATE — NOT ETSY TRANSACTION DATA,Nurse / nursing student,Bedside quick-reference,entrant,1809603741,BayseStudio,11.1,188,CLEAN,FADING,,Botox Reconstitution and Dosing Chart | Nurse Injector | Botox Cheat Sheet | Med
EVERBEE ESTIMATE — NOT ETSY TRANSACTION DATA,Nurse / nursing student,Bedside quick-reference,entrant,4367389828,AdvanceNursing,6.1,161,REJECT,HISTORIC,,Cranial Nerves assessment Printable | Nursing Nerve Study Guide Chart PDF
EVERBEE ESTIMATE — NOT ETSY TRANSACTION DATA,Nurse / nursing student,Bedside quick-reference,entrant,4370375221,DigitalBloomByKett,7.0,133,REJECT,OTHER,,"100+ Dosage Calculations Cheat Sheet 20+ Pages, Nursing Study Guide 2025-26 (Dig"
EVERBEE ESTIMATE — NOT ETSY TRANSACTION DATA,Nurse / nursing student,Bedside quick-reference,young<=3mo winner,4532665035,ReganRN327,1.5,35,,,87,Nursing Dosage Calculation Cheat Sheet | Medication Math Study Guide (
EVERBEE ESTIMATE — NOT ETSY TRANSACTION DATA,Nurse / nursing student,Course / exam study notes,entrant,4333883059,VetloSchool,34.0,765,CLEAN,FADING,,"Anatomy & Physiology Digital Study Bundle, Human Body Systems Functions Guide, M"
EVERBEE ESTIMATE — NOT ETSY TRANSACTION DATA,Nurse / nursing student,Course / exam study notes,entrant,4417863600,SnookToSky,15.0,746,CLEAN,ACTIVE,,Anatomy Labeling Workbook | Nursing Study Guide | Human Body Systems | A&P Print
EVERBEE ESTIMATE — NOT ETSY TRANSACTION DATA,Nurse / nursing student,Course / exam study notes,entrant,4310138541,VetloSchool,7.5,646,CLEAN,ACTIVE,,"Medical Terminology Flashcards, Digital Nursing & Healthcare Study Cards, Anatom"
EVERBEE ESTIMATE — NOT ETSY TRANSACTION DATA,Nurse / nursing student,Course / exam study notes,entrant,4362587044,DioMind3d,3.5,577,CLEAN,FADING,,"200 Sheets Veterinary Anatomy & Physiology Study Sheets, Nursing School Notes Ve"
EVERBEE ESTIMATE — NOT ETSY TRANSACTION DATA,Nurse / nursing student,Course / exam study notes,entrant,4363253187,Drumy,18.0,576,CLEAN,FADING,,Anatomy & Physiology Bundle with Flashcards-Complete Anatomy Study Guide-Nursing
EVERBEE ESTIMATE — NOT ETSY TRANSACTION DATA,Nurse / nursing student,Course / exam study notes,entrant,4417462234,VetloSchool,16.0,544,CLEAN,ACTIVE,,Human Anatomy Labeling Workbook | Anatomy Study Guide PDF | Nursing Student Stud
EVERBEE ESTIMATE — NOT ETSY TRANSACTION DATA,Nurse / nursing student,Course / exam study notes,young<=3mo winner,4537059167,Blossomsprintablez,11.96,112,,,12,600+ Human Anatomy Coloring Book | Nursing School Study Guide | Body S
EVERBEE ESTIMATE — NOT ETSY TRANSACTION DATA,Nurse / nursing student,Course / exam study notes,young<=3mo winner,4380507538,DigitalByOctevius,18.98,60,,,18,TEAS 7 Study Guide – 2025 Nursing Exam Prep Book
EVERBEE ESTIMATE — NOT ETSY TRANSACTION DATA,Nurse / nursing student,Course / exam study notes,young<=3mo winner,4546796919,Blossomsprintablez,19.96,48,,,12,"FNP Cardiology Clinical Guide, EKG Rhythms Htn Chf ACS Notes, Nurse Pr"
EVERBEE ESTIMATE — NOT ETSY TRANSACTION DATA,Esthetician / lash / nail / hair pro,Contracts / client policy / consent,entrant,4332187034,VentureBloom,3.5,184,REJECT,HISTORIC,,"Salon Booth Rental Contract, Customizable Booth Rental Agreement Form Template, "
EVERBEE ESTIMATE — NOT ETSY TRANSACTION DATA,Esthetician / lash / nail / hair pro,Client aftercare cards,entrant,4331508342,LuxeKittyStudio,6.39,129,REJECT,OTHER,,Waxing Aftercare Card Waxing Aftercare Guide Instructions Thank You Card Editabl
EVERBEE ESTIMATE — NOT ETSY TRANSACTION DATA,Esthetician / lash / nail / hair pro,Client aftercare cards,entrant,4378273512,PureBeautyTherapy,5.54,112,REJECT,OTHER,,Facial Aftercare Cards | Skincare After Treatment Care Card for Clients | Editab
EVERBEE ESTIMATE — NOT ETSY TRANSACTION DATA,Esthetician / lash / nail / hair pro,Client aftercare cards,entrant,4377886993,PureBeautyTherapy,5.54,112,REJECT,OTHER,,Brow Lamination Aftercare Cards | Lash & Brow Care Card for Clients | Editable P
EVERBEE ESTIMATE — NOT ETSY TRANSACTION DATA,Esthetician / lash / nail / hair pro,Client aftercare cards,entrant,4377894135,PureBeautyTherapy,5.54,112,REJECT,HISTORIC,,Lash Lift Aftercare Cards | Lash & Brow Care Card for Clients | Editable Printab
EVERBEE ESTIMATE — NOT ETSY TRANSACTION DATA,Esthetician / lash / nail / hair pro,Client aftercare cards,entrant,4382960138,PureBeautyTherapy,5.54,112,REJECT,OTHER,,Botox Aftercare Card Template | Aesthetic Clinic Client Instructions (Digital Do
EVERBEE ESTIMATE — NOT ETSY TRANSACTION DATA,Esthetician / lash / nail / hair pro,Training / course materials,entrant,4336357795,Hercontenthaus,15.92,330,REJECT,OTHER,,Lash Training Manual Canva Template | 48-Page Editable Lash Course Guide | Lash 
EVERBEE ESTIMATE — NOT ETSY TRANSACTION DATA,Esthetician / lash / nail / hair pro,Training / course materials,entrant,1809603741,BayseStudio,11.1,188,CLEAN,FADING,,Botox Reconstitution and Dosing Chart | Nurse Injector | Botox Cheat Sheet | Med
EVERBEE ESTIMATE — NOT ETSY TRANSACTION DATA,Esthetician / lash / nail / hair pro,Training / course materials,entrant,1795784844,BeautyBossIntl,3.48,146,REJECT,OTHER,,Lash Lift and Tint Training Manual Guide | Editable Course (Ebook) English Langu
EVERBEE ESTIMATE — NOT ETSY TRANSACTION DATA,Esthetician / lash / nail / hair pro,Training / course materials,entrant,1793160650,UhMazynDesigns,30.0,146,CLEAN,FADING,,Braiding & Loc Foundations Textbook | 149-Page Editable Canva Template | Student
EVERBEE ESTIMATE — NOT ETSY TRANSACTION DATA,Esthetician / lash / nail / hair pro,Training / course materials,entrant,4472556519,BloomLashBar,33.45,135,REJECT,OTHER,,Lash Training Manual Template | Korean Lash Lift Course | Editable on Canva | Re
EVERBEE ESTIMATE — NOT ETSY TRANSACTION DATA,Esthetician / lash / nail / hair pro,Service menu / price list,entrant,4370719149,PinkishArts,4.5,396,REJECT,HISTORIC,,"Halloween Nails Specials Flyer, Price List Template, Halloween Nails Booking Ava"
EVERBEE ESTIMATE — NOT ETSY TRANSACTION DATA,Esthetician / lash / nail / hair pro,Service menu / price list,entrant,4366966637,TheDesigneNote,5.5,360,REJECT,OTHER,,"Beauty Salon Price List Template, Price List Sheet, Hair Price List, Lash, Nail,"
EVERBEE ESTIMATE — NOT ETSY TRANSACTION DATA,Esthetician / lash / nail / hair pro,Service menu / price list,entrant,4367477652,UZACREATIONSS,3.48,216,REJECT,HISTORIC,,"Fall Braids Special Flyer, September Bookings Available Flyer, Hair Salon Price "
EVERBEE ESTIMATE — NOT ETSY TRANSACTION DATA,Esthetician / lash / nail / hair pro,Service menu / price list,entrant,4307719527,StyledbySocials,5.5,198,REJECT,HISTORIC,,Editable Price List Template Canva: Salon Pricing Guide (Digital Download)
EVERBEE ESTIMATE — NOT ETSY TRANSACTION DATA,Esthetician / lash / nail / hair pro,Service menu / price list,entrant,4388085100,DIYPinkCo,4.0,192,REJECT,HISTORIC,,"Knotless Braids Special Flyer, Salon Pricelist Template (Editable Canva Template"
EVERBEE ESTIMATE — NOT ETSY TRANSACTION DATA,Esthetician / lash / nail / hair pro,Service menu / price list,entrant,4468463898,ElegentDigiArtStore,2.99,168,REJECT,HISTORIC,,"2x Pink Graduation Price List Canva Editable Template, Graduation Package Flyer,"
EVERBEE ESTIMATE — NOT ETSY TRANSACTION DATA,Esthetician / lash / nail / hair pro,Online booking site,entrant,4315444312,SocialTemply,5.83,753,CLEAN,FADING,,"Acuity Scheduling Template: Hair Salon Website Design, Canva Editable"
EVERBEE ESTIMATE — NOT ETSY TRANSACTION DATA,Esthetician / lash / nail / hair pro,Online booking site,entrant,4328209218,MaroonDesignsco,3.5,689,CLEAN,FADING,,"Black and Pink Acuity Hair Scheduling Template, DIY Hairstylist Booking Website,"
EVERBEE ESTIMATE — NOT ETSY TRANSACTION DATA,Esthetician / lash / nail / hair pro,Online booking site,entrant,4343894934,TheDesigneNote,5.0,630,REJECT,HISTORIC,,"Hairstylist Acuity Scheduling Template, Hair Stylist Booking Website, Profession"
EVERBEE ESTIMATE — NOT ETSY TRANSACTION DATA,Esthetician / lash / nail / hair pro,Online booking site,entrant,4299563801,HotGirlBrands,3.0,570,CLEAN,FADING,,"Cream Hair Stylist Acuity Lashing Template, Nailtech Acuity Book Site, DIY Luxur"
EVERBEE ESTIMATE — NOT ETSY TRANSACTION DATA,Esthetician / lash / nail / hair pro,Online booking site,entrant,4447992523,ByCreativeAgency,3.7,440,REJECT,OTHER,,"Acuity Scheduling Template Hair, Lash, Nail, Makeup Website Banners (Digital Dow"
EVERBEE ESTIMATE — NOT ETSY TRANSACTION DATA,Esthetician / lash / nail / hair pro,Online booking site,entrant,4520522923,AcuityAura,6.0,350,NEAR-CLEAN,ACTIVE,,Lash Acuity Scheduling Template Lash Website Acuity Luxury Booking Site Acuity L
EVERBEE ESTIMATE — NOT ETSY TRANSACTION DATA,Esthetician / lash / nail / hair pro,Brand identity (logo / card),entrant,4379737288,LuvionStudio,3.99,874,CLEAN,FADING,,Hair Logo Designs Business Logo Beauty Hair Salon Logo Hairstylist Designer Hair
EVERBEE ESTIMATE — NOT ETSY TRANSACTION DATA,Esthetician / lash / nail / hair pro,Brand identity (logo / card),entrant,4376786311,allfaithart,7.0,524,REJECT,OTHER,,DIY Beauty Logo Design|Logo Templates|Nail Hair Braids Lash Wig MUA| Canva Edita
EVERBEE ESTIMATE — NOT ETSY TRANSACTION DATA,Esthetician / lash / nail / hair pro,Brand identity (logo / card),entrant,1847821327,DigiDreamsHost,3.99,414,REJECT,OTHER,,"Business Card, IG Business Card, Loyalty Card, DIY Discount Card, Visiting Card,"
EVERBEE ESTIMATE — NOT ETSY TRANSACTION DATA,Esthetician / lash / nail / hair pro,Brand identity (logo / card),entrant,4320671095,YonaGraphics,5.0,301,CLEAN,ACTIVE,,Business Card Template | Editable Canva Template | Hair Stylist | Lash Tech | MU
EVERBEE ESTIMATE — NOT ETSY TRANSACTION DATA,Esthetician / lash / nail / hair pro,Brand identity (logo / card),entrant,4426762184,LuvionStudio,3.0,266,REJECT,HISTORIC,,Hair Logo Designs Business Logo Beauty Hair Salon Logo Hairstylist Designer Hair
EVERBEE ESTIMATE — NOT ETSY TRANSACTION DATA,Esthetician / lash / nail / hair pro,Brand identity (logo / card),entrant,4386888059,TheDesigneNote,5.0,226,REJECT,HISTORIC,,"Beauty Logo Design, Business Logo, Professional Logo, Hair Logo, Lash Logo, Nail"
EVERBEE ESTIMATE — NOT ETSY TRANSACTION DATA,Esthetician / lash / nail / hair pro,Social content (posts / reels),entrant,4426423592,TheDesignHausbyLily,22.5,374,CLEAN,ACTIVE,,Esthetician Skincare Instagram Template | Luxury Skincare Instagram Templates | 
EVERBEE ESTIMATE — NOT ETSY TRANSACTION DATA,Esthetician / lash / nail / hair pro,Social content (posts / reels),entrant,1896946623,Hercontenthaus,7.96,275,REJECT,HISTORIC,,Lash Tech Looking For Models Flyer Template | Lash Business | DIY Flyer | Model 
EVERBEE ESTIMATE — NOT ETSY TRANSACTION DATA,Esthetician / lash / nail / hair pro,Social content (posts / reels),entrant,1903900885,BayseStudio,24.43,261,CLEAN,FADING,,"Medspa Social Media Templates, Nurse Injector Instagram, Aesthetic Nurse, Medica"
EVERBEE ESTIMATE — NOT ETSY TRANSACTION DATA,Esthetician / lash / nail / hair pro,Social content (posts / reels),entrant,4450279659,TheDesignHausbyLily,22.5,204,REJECT,HISTORIC,,480+ Luxury Skincare Instagram Templates | Esthetician Medspa Canva Bundle | Est
EVERBEE ESTIMATE — NOT ETSY TRANSACTION DATA,Esthetician / lash / nail / hair pro,Social content (posts / reels),entrant,4427156838,StudioLumeya,18.73,181,CLEAN,ACTIVE,,"Esthetician Instagram Canva Templates for Beauty Salons, Skincare Studios, and L"
EVERBEE ESTIMATE — NOT ETSY TRANSACTION DATA,Esthetician / lash / nail / hair pro,Social content (posts / reels),entrant,4489541632,EverRiseStudioCo,3.99,177,REJECT,HISTORIC,,"May Availability Calendar Flyer, Mother's Day Special Deals, May Books Now Open,"
EVERBEE ESTIMATE — NOT ETSY TRANSACTION DATA,Esthetician / lash / nail / hair pro,Social content (posts / reels),young<=3mo winner,4538785690,GridGirlsCreative,22.45,131,,,38,"Skincare Instagram Templates Luxury, Esthetician Template, Medspa Inst"
EVERBEE ESTIMATE — NOT ETSY TRANSACTION DATA,Esthetician / lash / nail / hair pro,Social content (posts / reels),young<=3mo winner,4539847745,MaisonCreativeCo,21.0,41,,,9,Esthetician Stock Photos | 65 Skincare Images Bundle | Medspa Marketin
EVERBEE ESTIMATE — NOT ETSY TRANSACTION DATA,Esthetician / lash / nail / hair pro,Promotion / booking flyers,entrant,4400585840,TemplyxDesigns,1.99,980,REJECT,HISTORIC,,"December Booking flyer , Holiday Booking Flyer, Book Now Flyer, Christmas Sale F"
EVERBEE ESTIMATE — NOT ETSY TRANSACTION DATA,Esthetician / lash / nail / hair pro,Promotion / booking flyers,entrant,4337445733,TheTemplateAlchemy,2.15,715,CLEAN,FADING,,"Client Appreciation Flyer, Client Appreciation Sale Flyer, Book Now Flyer, Hairs"
EVERBEE ESTIMATE — NOT ETSY TRANSACTION DATA,Esthetician / lash / nail / hair pro,Promotion / booking flyers,entrant,4401153743,EverRiseStudioCo,3.99,650,REJECT,HISTORIC,,"Christmas Booking Flyer, Editable December Booking Flyer, Pink Christmas Flyer, "
EVERBEE ESTIMATE — NOT ETSY TRANSACTION DATA,Esthetician / lash / nail / hair pro,Promotion / booking flyers,entrant,4304443935,YonaGraphics,5.0,515,CLEAN,FADING,,Deal Or No Deal Flyer | Hair Stylist | Lash Tech | MUA | Nail Tech | Sale Flyer
EVERBEE ESTIMATE — NOT ETSY TRANSACTION DATA,Esthetician / lash / nail / hair pro,Promotion / booking flyers,entrant,4389797636,TemplatesRealm,3.96,493,REJECT,HISTORIC,,"November Booking Flyer, Fall, Autumn, fall flyer, booking flyer, Salon Template,"
EVERBEE ESTIMATE — NOT ETSY TRANSACTION DATA,Esthetician / lash / nail / hair pro,Promotion / booking flyers,entrant,4393756146,BossGirlTools,4.99,476,REJECT,OTHER,,"New Client Special Flyer: Hair, Lashes, Nails Canva Template (Digital Download)"
EVERBEE ESTIMATE — NOT ETSY TRANSACTION DATA,Esthetician / lash / nail / hair pro,Promotion / booking flyers,young<=3mo winner,4550943563,TEMPFLYERDIY,2.4,44,,,7,"September Lash Special Flyer, September Lash Extension Sale Flyer Lash"
EVERBEE ESTIMATE — NOT ETSY TRANSACTION DATA,Esthetician / lash / nail / hair pro,Promotion / booking flyers,young<=3mo winner,4541391779,QuickCanvasCo,2.2,32,,,8,"Fall Szn Lash Special Flyer, Lash Esthetician Flyer, Fall Beauty Sale "
EVERBEE ESTIMATE — NOT ETSY TRANSACTION DATA,Esthetician / lash / nail / hair pro,Promotion / booking flyers,young<=3mo winner,4532228519,TemploCabin,3.8,30,,,8,"August Lash Special Flyer, August Lash Extension Sale Flyer, Lash Esth"
EVERBEE ESTIMATE — NOT ETSY TRANSACTION DATA,Homeschool parent,High-school transcript,entrant,4325849301,MyLifeSpin,3.98,494,REJECT,OTHER,,"Editable High School Transcript Template, Home School Transcript Form, Printable"
EVERBEE ESTIMATE — NOT ETSY TRANSACTION DATA,Homeschool parent,High-school transcript,entrant,4430969640,SeyyahDigital,7.0,267,CLEAN,ACTIVE,,High School Transcript Template | Printables Home School Diploma | Editable Home
EVERBEE ESTIMATE — NOT ETSY TRANSACTION DATA,Homeschool parent,High-school transcript,entrant,4365092541,PaperWorkPlanner,2.49,137,REJECT,HISTORIC,,Editable Homeschool Transcript Template: High School Record PDF Canva (Digital D
EVERBEE ESTIMATE — NOT ETSY TRANSACTION DATA,Homeschool parent,High-school transcript,young<=3mo winner,4532042114,lartdelore,19.99,93,,,60,Ultimate Homeschool Planner App | Digital Command Center for Multiple 
EVERBEE ESTIMATE — NOT ETSY TRANSACTION DATA,Homeschool parent,Diploma / graduation,entrant,4342145309,TheArtwares,3.0,720,CLEAN,FADING,,"Editable High School Diploma Template: Homeschool Replica, Canva Editable (Insta"
EVERBEE ESTIMATE — NOT ETSY TRANSACTION DATA,Homeschool parent,Diploma / graduation,entrant,1881416007,PrimeDigitalZone,4.0,283,REJECT,OTHER,,"Editable High School Diploma Template, Home School Diploma, High School Diploma,"
EVERBEE ESTIMATE — NOT ETSY TRANSACTION DATA,Homeschool parent,Attendance / compliance / progress records,entrant,4320415106,BloomyPixelDesigns,4.8,133,REJECT,OTHER,,"Attendance Tracker Printable Log , Attendance Sheet Template, Attendance Tracker"
EVERBEE ESTIMATE — NOT ETSY TRANSACTION DATA,Homeschool parent,Attendance / compliance / progress records,young<=3mo winner,4531515975,TheCalmMindLab,9.99,67,,,10,"Homeschool Planner Web App for Multiple Kids, Record Keeping and Atten"
EVERBEE ESTIMATE — NOT ETSY TRANSACTION DATA,Homeschool parent,Attendance / compliance / progress records,young<=3mo winner,4540248393,HomeAndHarvestStudio,3.95,59,,,5,Homeschool Tracker Bundle | Homeschool Hour Log Printable | Attendance
EVERBEE ESTIMATE — NOT ETSY TRANSACTION DATA,Homeschool parent,Attendance / compliance / progress records,young<=3mo winner,4546503255,LearnLaughPlay,12.57,57,,,43,Homeschool Record Keeping System | Attendance and Hours Tracker | Goog
EVERBEE ESTIMATE — NOT ETSY TRANSACTION DATA,Homeschool parent,Planner / lesson scheduling,entrant,4471979732,FNDROBE,2.99,348,NEAR-CLEAN,ACTIVE,,"ADHD/ Neurodivergent Daily Routine Chart For Kids & Toddler, Printable Morning E"
EVERBEE ESTIMATE — NOT ETSY TRANSACTION DATA,Homeschool parent,Planner / lesson scheduling,entrant,4389016148,Templix8,3.96,340,CLEAN,ACTIVE,,"2026 2027 Homeschool Planner, Daily Homeschool Checklist, Homeschool Lesson Plan"
EVERBEE ESTIMATE — NOT ETSY TRANSACTION DATA,Homeschool parent,Planner / lesson scheduling,entrant,4389729009,Miniprintsandco,1.99,288,REJECT,OTHER,,Daycare Daily Schedule Template Editable Canva Printable Preschool Routine Chart
EVERBEE ESTIMATE — NOT ETSY TRANSACTION DATA,Homeschool parent,Planner / lesson scheduling,entrant,4344262421,DreamworkC,18.91,231,CLEAN,ACTIVE,,Toddler Curriculum 1–2 Years 365 Daily Activities Montessori Lesson Plans | Prin
EVERBEE ESTIMATE — NOT ETSY TRANSACTION DATA,Homeschool parent,Planner / lesson scheduling,entrant,4536677322,HoneyHillLearning,8.0,203,NEAR-CLEAN,ACTIVE,,Ultimate Homeschool Mom Planner
EVERBEE ESTIMATE — NOT ETSY TRANSACTION DATA,Homeschool parent,Planner / lesson scheduling,entrant,4433894910,TheAusomeCorner,3.27,202,CLEAN,ACTIVE,,Visual Schedule with Activity Icons - 5 Routine Slots - Autism ADHD Printable AB
EVERBEE ESTIMATE — NOT ETSY TRANSACTION DATA,Homeschool parent,Planner / lesson scheduling,young<=3mo winner,4519683443,SimplyCreativeNook,3.0,322,,,41,"2026-2027 School Year Calendar, Monthly Calendar Editable for teachers"
EVERBEE ESTIMATE — NOT ETSY TRANSACTION DATA,Homeschool parent,Planner / lesson scheduling,young<=3mo winner,4536677322,HoneyHillLearning,8.0,203,,,15,Ultimate Homeschool Mom Planner
EVERBEE ESTIMATE — NOT ETSY TRANSACTION DATA,Homeschool parent,Planner / lesson scheduling,young<=3mo winner,4528167110,CodexGraphic,2.15,152,,,17,Editable Homeschool Checklist | Printable Daily Routine Schedule Plann
EVERBEE ESTIMATE — NOT ETSY TRANSACTION DATA,Homeschool parent,Planner / lesson scheduling,young<=3mo winner,4533107128,ForEveryMamas,2.99,95,,,15,Classical Conversations Cycle 3 Tutor Planner | 24-Week Homeschool Bin
EVERBEE ESTIMATE — NOT ETSY TRANSACTION DATA,Homeschool parent,Faith / Bible crafts,entrant,4375171349,LittleLightCrafters,4.39,860,CLEAN,ACTIVE,,"7 Days of Creation folding surprise craft, The Creation story for kids, Bible Pr"
EVERBEE ESTIMATE — NOT ETSY TRANSACTION DATA,Homeschool parent,Faith / Bible crafts,entrant,4427819715,LittleLightCrafters,4.39,800,REJECT,HISTORIC,,"Easter story folding surprise craft, Holy week story for kids, Bible Printable A"
EVERBEE ESTIMATE — NOT ETSY TRANSACTION DATA,Homeschool parent,Faith / Bible crafts,entrant,4441036589,LittleLightCrafters,4.28,799,REJECT,HISTORIC,,"Palm Sunday folding surprise craft, Holy week story for kids, Bible Printable Ac"
EVERBEE ESTIMATE — NOT ETSY TRANSACTION DATA,Homeschool parent,Faith / Bible crafts,entrant,4391112318,BibleKidsCrafts,2.99,703,CLEAN,ACTIVE,,Walls of Jericho Craft Kit | Joshua Sunday School Bible Lesson & Homeschool Acti
EVERBEE ESTIMATE — NOT ETSY TRANSACTION DATA,Homeschool parent,Faith / Bible crafts,entrant,4413146230,LittleLightCrafters,4.28,654,CLEAN,ACTIVE,,"The Lord's Prayer folding surprise craft, Church story for kids, Bible Printable"
EVERBEE ESTIMATE — NOT ETSY TRANSACTION DATA,Homeschool parent,Faith / Bible crafts,entrant,4378044038,LittleLightCrafters,4.28,535,REJECT,OTHER,,"The Ten Commandments folding surprise craft, Moses story for kids, Bible Printab"
EVERBEE ESTIMATE — NOT ETSY TRANSACTION DATA,Homeschool parent,Faith / Bible crafts,young<=3mo winner,4543016840,GentleMomCreations,2.29,181,,,39,"Christian Back to School Coloring Page, Godly Choices Activity, Sunday"
EVERBEE ESTIMATE — NOT ETSY TRANSACTION DATA,Homeschool parent,Faith / Bible crafts,young<=3mo winner,4551691501,GentleMomCreations,2.29,104,,,39,"The Lord's Prayer  Coloring Page, Christian Printable Activity, Sunday"
EVERBEE ESTIMATE — NOT ETSY TRANSACTION DATA,Homeschool parent,Faith / Bible crafts,young<=3mo winner,4543617079,GentleMomCreations,7.21,103,,,39,"Christian Virtue Curriculum, 12 Month Christian Homeschool Curriculum "
EVERBEE ESTIMATE — NOT ETSY TRANSACTION DATA,Homeschool parent,Faith / Bible crafts,young<=3mo winner,4530947625,StreamsofMercyCo,2.99,96,,,23,"Lord’s Prayer Activity Worksheet for Kids, Sunday School Bible Colorin"
EVERBEE ESTIMATE — NOT ETSY TRANSACTION DATA,Homeschool parent,Curriculum / worksheets,entrant,4347382244,LearnAndPlayHouse,8.78,2002,CLEAN,ACTIVE,,Back to School Bundle for Ages 3-4 | Preschool Curriculum Worksheets | Homeschoo
EVERBEE ESTIMATE — NOT ETSY TRANSACTION DATA,Homeschool parent,Curriculum / worksheets,entrant,1871272730,EarlyLearnersAcademy,30.0,655,CLEAN,ACTIVE,,"Full Year Preschool Activity Workbooks Age 3-5, Preschool Curriculum, Preschool "
EVERBEE ESTIMATE — NOT ETSY TRANSACTION DATA,Homeschool parent,Curriculum / worksheets,entrant,4309035379,CreativePapersPrint,2.5,552,CLEAN,FADING,,75 Preschool Math Worksheets | Math Practice Sheets | Homeschool Learning Printa
EVERBEE ESTIMATE — NOT ETSY TRANSACTION DATA,Homeschool parent,Curriculum / worksheets,entrant,4415244899,EasyLearningPrintArt,7.0,513,CLEAN,FADING,,9000+ Pages Grade 1 Classroom Bundle Mega Worksheet Pack First Grade Curriculum 
EVERBEE ESTIMATE — NOT ETSY TRANSACTION DATA,Homeschool parent,Curriculum / worksheets,entrant,4402561858,LilLearno,5.49,302,REJECT,HISTORIC,,Winter Magnetic Tiles Puzzle Printable | Montessori Fine Motor Christmas Activit
EVERBEE ESTIMATE — NOT ETSY TRANSACTION DATA,Homeschool parent,Curriculum / worksheets,entrant,4365994743,LaLaPlayKidsClub,2.99,294,CLEAN,FADING,,"Alphabet Tracing Workbook | 120 Pages Printable ABC Worksheets | Preschool, Pre-"
EVERBEE ESTIMATE — NOT ETSY TRANSACTION DATA,Homeschool parent,Curriculum / worksheets,young<=3mo winner,4543508614,DesignDropSop,1.55,190,,,20,"500,000+ Kids Educational Bundle PLR MRR ,Worksheets, Canva Templates,"
EVERBEE ESTIMATE — NOT ETSY TRANSACTION DATA,Homeschool parent,Curriculum / worksheets,young<=3mo winner,4548517622,LifewithZion,8.0,153,,,30,Preschool Activities (3-5 YEARS OLD) | Preschool Worksheets |  Printab
EVERBEE ESTIMATE — NOT ETSY TRANSACTION DATA,Homeschool parent,Curriculum / worksheets,young<=3mo winner,4535487691,AlwaysSunnyCo,38.0,100,,,148,Editable Classroom Decor GROWING Printable Bundle | Elementary Posters
EVERBEE ESTIMATE — NOT ETSY TRANSACTION DATA,Homeschool parent,Curriculum / worksheets,young<=3mo winner,4537958175,GodsSweetheartStudio,5.0,83,,,7,Preschool Pre-K +Kindergarten Ages 2-6 Learning Bundle Workbook Printa
EVERBEE ESTIMATE — NOT ETSY TRANSACTION DATA,Real estate agent,Licence exam prep,entrant,4417676026,GetRealtyLicense,18.99,228,CLEAN,ACTIVE,,Real Estate Exam Cheat Sheet | 32+ Pages | Instant Download | Study Guide
EVERBEE ESTIMATE — NOT ETSY TRANSACTION DATA,Real estate agent,Buyer consultation / guide,entrant,4347787906,KenziREdesigns,20.0,298,CLEAN,FADING,,Real Estate Home Buyer Guide: 24-Page Canva Template (Digital Download)
EVERBEE ESTIMATE — NOT ETSY TRANSACTION DATA,Real estate agent,Buyer consultation / guide,entrant,1884603011,SmartAgentDocs,7.98,275,REJECT,OTHER,,"Real Estate Buyer Questionnaire, Buyers Questionnaire, Buyer Consultation, Buyer"
EVERBEE ESTIMATE — NOT ETSY TRANSACTION DATA,Real estate agent,Buyer consultation / guide,entrant,4429098864,ByCreativeAgency,3.2,263,REJECT,HISTORIC,,"Real Estate Listing & Buyer Presentation Bundle, Home Seller Guide, Home Buyer G"
EVERBEE ESTIMATE — NOT ETSY TRANSACTION DATA,Real estate agent,Buyer consultation / guide,entrant,4306120456,SmartAgentDocs,7.98,261,REJECT,OTHER,,"Home Buyer Roadmap, Agent Flyer, Home Buying Process Packet, Real Estate Marketi"
EVERBEE ESTIMATE — NOT ETSY TRANSACTION DATA,Real estate agent,Buyer consultation / guide,entrant,1878624492,SmartAgentDocs,10.98,106,REJECT,OTHER,,Buyer Contract To Close Timeline Text Updates | Real Estate | Canva | Modern | C
EVERBEE ESTIMATE — NOT ETSY TRANSACTION DATA,Real estate agent,Buyer consultation / guide,entrant,4404366406,GoldenPropertyStudio,24.7,102,REJECT,OTHER,,"Real Estate buyer and seller guide, Editable Canva Realtor Branding, Listing Pre"
EVERBEE ESTIMATE — NOT ETSY TRANSACTION DATA,Real estate agent,Buyer consultation / guide,young<=3mo winner,4538292992,Bitzono,2.99,37,,,7,"Stop Paying Rent Flyer, Home Buyer Real Estate Flyer, Buyer Lead Magne"
EVERBEE ESTIMATE — NOT ETSY TRANSACTION DATA,Real estate agent,Seller / listing presentation,entrant,4299574168,SmartAgentDocs,5.99,346,REJECT,OTHER,,Seller Real Estate Checklist Bundle | Editable Digital Real Estate | Real Estate
EVERBEE ESTIMATE — NOT ETSY TRANSACTION DATA,Real estate agent,Seller / listing presentation,entrant,4349810333,SmartAgentDocs,14.96,230,REJECT,OTHER,,"Seller Pre-Listing Presentation, Seller Guide, Real Estate Template, Canva Templ"
EVERBEE ESTIMATE — NOT ETSY TRANSACTION DATA,Real estate agent,Open house kit,entrant,4335164822,SlmStudioArt,4.29,188,REJECT,OTHER,,Printable Event Sign In Sheet | Open House Sign In Sheet Template | Meeting Sign
EVERBEE ESTIMATE — NOT ETSY TRANSACTION DATA,Real estate agent,Open house kit,entrant,4479182439,Fanninghouse,7.99,172,NEAR-CLEAN,ACTIVE,,"Real Estate Flyer Template, Listing Flyer, Open House Flyer, Just Listed Flyer, "
EVERBEE ESTIMATE — NOT ETSY TRANSACTION DATA,Real estate agent,Open house kit,entrant,4353833422,SmartAgentDocs,9.96,120,REJECT,OTHER,,Open House Sign In Sheet Editable Canva Template & PDFs | Realtor Open House Fly
EVERBEE ESTIMATE — NOT ETSY TRANSACTION DATA,Real estate agent,Open house kit,entrant,4382943434,MounirShopStudio,3.62,100,REJECT,OTHER,,"Broker Open Feedback Form Editable, Real Estate Agent Open House Feedback Form, "
EVERBEE ESTIMATE — NOT ETSY TRANSACTION DATA,Real estate agent,Transaction / closing,entrant,4371577427,SmartAgentDocs,19.96,132,REJECT,OTHER,,Closing Day Binder Template | Closing Gift | Homeowner | Real Estate Marketing |
EVERBEE ESTIMATE — NOT ETSY TRANSACTION DATA,Real estate agent,Prospecting mail / farming,entrant,4305116989,SmartAgentDocs,9.98,168,REJECT,HISTORIC,,Real Estate Postcards | Realtor Marketing Letters | Real Estate Agents | Canva T
EVERBEE ESTIMATE — NOT ETSY TRANSACTION DATA,Real estate agent,Prospecting mail / farming,entrant,1804993831,LegendandKo,18.0,140,REJECT,OTHER,,Modern Real Estate Brochure | Editable Luxury Property Marketing Template | Canv
EVERBEE ESTIMATE — NOT ETSY TRANSACTION DATA,Real estate agent,Prospecting mail / farming,entrant,1873821162,SmartAgentDocs,5.99,132,REJECT,HISTORIC,,"Real Estate Marketing Template Bundle, Real Estate Marketing, Real Estate Letter"
EVERBEE ESTIMATE — NOT ETSY TRANSACTION DATA,Real estate agent,Prospecting mail / farming,entrant,1869910706,SmartAgentDocs,9.96,119,REJECT,OTHER,,Real Estate Introduction Trifold Brochure | Real Estate Brochure | Real Estate M
EVERBEE ESTIMATE — NOT ETSY TRANSACTION DATA,Real estate agent,Prospecting mail / farming,entrant,4359550077,SmartAgentDocs,11.96,107,REJECT,OTHER,,Real Estate Fall Newsletter Bundle | Email Marketing | Farming Flyer | Canva Tem
EVERBEE ESTIMATE — NOT ETSY TRANSACTION DATA,Real estate agent,Prospecting mail / farming,young<=3mo winner,4312294472,TemplateFrames,3.0,57,,,22,"Real Estate Newsletter Bundle, Fully Year Newsletter Bundle 2025, 12 M"
EVERBEE ESTIMATE — NOT ETSY TRANSACTION DATA,Real estate agent,Prospecting mail / farming,young<=3mo winner,4535555000,TheAgentSiteShop,17.0,51,,,72,School Year Calendar 2026-2027 | School Year Schedule Mailer Campaign 
EVERBEE ESTIMATE — NOT ETSY TRANSACTION DATA,Real estate agent,Prospecting mail / farming,young<=3mo winner,4539477071,realestatetemplateco,5.0,49,,,83,School Year Calendar 2026-2027 | School Year Schedule Mailer | Back-to
EVERBEE ESTIMATE — NOT ETSY TRANSACTION DATA,Real estate agent,Listing marketing (flyer / sign),entrant,4414330071,ServCrafts,7.95,195,REJECT,OTHER,,"1000+ Editable Flyer Templates | Business, Event, Party, Real Estate, Marketing "
EVERBEE ESTIMATE — NOT ETSY TRANSACTION DATA,Real estate agent,Listing marketing (flyer / sign),entrant,4325872576,SmartAgentDocs,13.96,132,REJECT,OTHER,,"Real Estate Yard Sign Template, Canva Template, Custom, Sign Rider, Sold Sign, M"
EVERBEE ESTIMATE — NOT ETSY TRANSACTION DATA,Real estate agent,Social content,entrant,1876239162,SmartAgentDocs,9.98,512,CLEAN,FADING,,55 Real Estate Video Reel  Canva Video Reels | Real Estate Social Media | Real E
EVERBEE ESTIMATE — NOT ETSY TRANSACTION DATA,Real estate agent,Social content,entrant,1858661510,GigiAestheticAtelier,28.12,225,REJECT,HISTORIC,,260 Modern Realtor Instagram Marketing Templates | Luxury Real Estate Instagram 
EVERBEE ESTIMATE — NOT ETSY TRANSACTION DATA,Real estate agent,Social content,entrant,4329928228,TheAgentHaus,12.89,207,REJECT,OTHER,,Instagram Templates for Luxury Real Estate Agents | Organic Modern Canva Marketi
EVERBEE ESTIMATE — NOT ETSY TRANSACTION DATA,Real estate agent,Social content,entrant,4480465159,SmartAgentDocs,11.96,143,REJECT,OTHER,,"Sage Green Real Estate Instagram Templates, 120 Canva Realtor Posts & Stories, A"
EVERBEE ESTIMATE — NOT ETSY TRANSACTION DATA,Real estate agent,Social content,entrant,1902869485,DigiUniqueFinds,19.16,140,REJECT,HISTORIC,,"Real Estate Reels Template, Real Estate Social Media Instagram Bundle, Realtor I"
EVERBEE ESTIMATE — NOT ETSY TRANSACTION DATA,Real estate agent,Social content,entrant,4445860121,SmartAgentDocs,11.96,132,REJECT,OTHER,,250+ Real Estate Instagram Post + Story + Highlights Templates for Canva | Ready
EVERBEE ESTIMATE — NOT ETSY TRANSACTION DATA,Real estate agent,Social content,young<=3mo winner,4545852656,TheAgentSiteShop,27.0,68,,,72,"1000+ Real Estate Social Media Posts, Instagram Template Luxury Realto"
EVERBEE ESTIMATE — NOT ETSY TRANSACTION DATA,Real estate agent,Social content,young<=3mo winner,4554542289,TheAgentSiteShop,30.0,34,,,72,"October 2026 Real Estate Social Media Posts + Captions, Realtor Social"
EVERBEE ESTIMATE — NOT ETSY TRANSACTION DATA,Real estate agent,Client gifts,entrant,4440577362,dearJJStudio,35.0,189,CLEAN,ACTIVE,,"Custom House Portrait Illustration, Hand Drawn Home Art, Realtor Housewarming Gi"
EVERBEE ESTIMATE — NOT ETSY TRANSACTION DATA,Engaged couple (wedding admin),Budget / vendor payments,entrant,4434900320,SheetDesignLab,3.32,1127,CLEAN,ACTIVE,,Wedding Planning Spreadsheet Budget Tracker Guest List Timeline Checklist Itiner
EVERBEE ESTIMATE — NOT ETSY TRANSACTION DATA,Engaged couple (wedding admin),Budget / vendor payments,entrant,4379095171,AravellaCreative,26.41,1127,CLEAN,FADING,,"Wedding Planner Spreadsheet, Wedding Budget, Guest List & Seating Chart, Task an"
EVERBEE ESTIMATE — NOT ETSY TRANSACTION DATA,Engaged couple (wedding admin),Budget / vendor payments,entrant,4389595935,ForeverMomentStudio,9.99,1104,CLEAN,ACTIVE,,"Wedding Planner Google Sheets, Budget Tracker Guest List Seating Chart Vendor Ch"
EVERBEE ESTIMATE — NOT ETSY TRANSACTION DATA,Engaged couple (wedding admin),Budget / vendor payments,entrant,1865054904,NeatsheetsTemplates,17.23,728,CLEAN,FADING,,Wedding Planner Spreadsheet Wedding Budget Tracker Wedding Timeline Checklist We
EVERBEE ESTIMATE — NOT ETSY TRANSACTION DATA,Engaged couple (wedding admin),Budget / vendor payments,entrant,4323497785,LinkDigitalStudio,8.54,705,CLEAN,ACTIVE,,"Wedding Planner Spreadsheet, Wedding Budget Spreadsheet, Wedding Google sheets B"
EVERBEE ESTIMATE — NOT ETSY TRANSACTION DATA,Engaged couple (wedding admin),Budget / vendor payments,entrant,1865089832,NeatsheetsTemplates,17.23,380,CLEAN,FADING,,Wedding Planner Spreadsheet Wedding Budget Tracker Wedding Timeline Checklist We
EVERBEE ESTIMATE — NOT ETSY TRANSACTION DATA,Engaged couple (wedding admin),Budget / vendor payments,young<=3mo winner,4523758384,AtStillnessStudio,11.29,85,,,7,"Wedding Planner Spreadsheet, Google Sheets Wedding Planner Template, B"
EVERBEE ESTIMATE — NOT ETSY TRANSACTION DATA,Engaged couple (wedding admin),Budget / vendor payments,young<=3mo winner,4522803016,DigitalProductery,11.97,48,,,8,Bestseller Hochzeitsplaner Google Sheets Hochzeit Budget Tracker Gäste
EVERBEE ESTIMATE — NOT ETSY TRANSACTION DATA,Engaged couple (wedding admin),Guest list / RSVP / seating,entrant,4494346695,blahaus,19.0,1330,NEAR-CLEAN,ACTIVE,,Olive Green Save the Date Website Template | Digital Wedding Invitation with RSV
EVERBEE ESTIMATE — NOT ETSY TRANSACTION DATA,Engaged couple (wedding admin),Guest list / RSVP / seating,entrant,4400859541,RosieCreativeStudio,33.02,1222,CLEAN,ACTIVE,,Olive Green & Burgundy Floral Wedding Website with RSVP Function: Editable Canva
EVERBEE ESTIMATE — NOT ETSY TRANSACTION DATA,Engaged couple (wedding admin),Guest list / RSVP / seating,entrant,4311149239,HDTemplatesBoutique,4.26,1120,CLEAN,FADING,,"Elegant Wedding Invitation Template Set, Minimalist Wedding Bundle Canva, Weddin"
EVERBEE ESTIMATE — NOT ETSY TRANSACTION DATA,Engaged couple (wedding admin),Guest list / RSVP / seating,entrant,4412302488,STUDIOGWYN,32.55,783,CLEAN,FADING,,Old Money Wedding Website Template with RSVP: Classic Burgundy Digital Invitatio
EVERBEE ESTIMATE — NOT ETSY TRANSACTION DATA,Engaged couple (wedding admin),Guest list / RSVP / seating,entrant,4454862271,CreativeFilesUSA,4.99,648,NEAR-CLEAN,ACTIVE,,Place Cards Printing Template | Printable Flat and Folded Wedding Table Name Tag
EVERBEE ESTIMATE — NOT ETSY TRANSACTION DATA,Engaged couple (wedding admin),Guest list / RSVP / seating,entrant,1812338631,RoyalTemplatesShop,14.85,467,REJECT,HISTORIC,,Wedding Seating Chart Template: Editable Modern “Our Favorite People” Reception 
EVERBEE ESTIMATE — NOT ETSY TRANSACTION DATA,Engaged couple (wedding admin),Guest list / RSVP / seating,young<=3mo winner,4536547614,MikisSunshine,10.43,45,,,47,"Wedding Seating Chart QR Sign, Guest List Planner, Table Finder (Digit"
EVERBEE ESTIMATE — NOT ETSY TRANSACTION DATA,Engaged couple (wedding admin),Guest list / RSVP / seating,young<=3mo winner,4551973633,PracticalSheetsCo,5.98,34,,,27,Wedding Spreadsheet Guest List Wedding Planner Spreadsheet Excel Weddi
EVERBEE ESTIMATE — NOT ETSY TRANSACTION DATA,Engaged couple (wedding admin),Day-of timeline / binder,entrant,4318849240,editwithella,6.29,852,CLEAN,FADING,,Wedding Day Blueprint - Editable Canva Template
EVERBEE ESTIMATE — NOT ETSY TRANSACTION DATA,Engaged couple (wedding admin),Day-of timeline / binder,entrant,4410836175,StarWaveStudio,9.76,566,CLEAN,ACTIVE,,12 Page Wedding Newspaper Template | Editable Canva Wedding Magazine | Engagemen
EVERBEE ESTIMATE — NOT ETSY TRANSACTION DATA,Engaged couple (wedding admin),Day-of timeline / binder,entrant,4382790240,DetailandDesigns,15.87,450,CLEAN,FADING,,Bachelorette/ Hen Weekend Itinerary Template: 15 Page Canva Planner (Digital)
EVERBEE ESTIMATE — NOT ETSY TRANSACTION DATA,Engaged couple (wedding admin),Day-of timeline / binder,entrant,4324760260,IvyRepublicDesigns,45.97,428,CLEAN,ACTIVE,,"Stress-Free 180+ Page Day of Wedding Binder, Wedding Planner, Day of Coordinator"
EVERBEE ESTIMATE — NOT ETSY TRANSACTION DATA,Engaged couple (wedding admin),Day-of timeline / binder,entrant,1827844542,TheGoldenVows,2.26,396,CLEAN,ACTIVE,,"Detailed Wedding Day Timeline Template | Main, Photographer, Venue, Hair & Makeu"
EVERBEE ESTIMATE — NOT ETSY TRANSACTION DATA,Engaged couple (wedding admin),Day-of timeline / binder,entrant,4352934659,PaperPetalsTemplate,10.93,339,CLEAN,ACTIVE,,"Bachelorette party itinerary, Bachelorette invitation, Bach invite, Bachelorette"
EVERBEE ESTIMATE — NOT ETSY TRANSACTION DATA,Engaged couple (wedding admin),Day-of timeline / binder,young<=3mo winner,4543370846,HumbleArtPrint,4.99,392,,,104,450 page Wedding Planner Template Bundle Complete Wedding Planning Bin
EVERBEE ESTIMATE — NOT ETSY TRANSACTION DATA,Engaged couple (wedding admin),Master planner / binder,entrant,1844366543,RoyalTemplatesShop,33.42,1867,CLEAN,FADING,,Editable Wedding Binder Canva Template: Minimal Wedding Planner PDF (Instant Dow
EVERBEE ESTIMATE — NOT ETSY TRANSACTION DATA,Engaged couple (wedding admin),Master planner / binder,entrant,4414508766,LaurelJamesWeddingCo,6.99,663,CLEAN,ACTIVE,,Wedding Binder Template | Canva (Digital Download)
EVERBEE ESTIMATE — NOT ETSY TRANSACTION DATA,Engaged couple (wedding admin),Master planner / binder,entrant,4324775168,IvyRepublicDesigns,57.97,587,CLEAN,ACTIVE,,"Stress-Free 500+ Page Wedding Planner Bundle, Wedding Binder, Wedding Planner Bo"
EVERBEE ESTIMATE — NOT ETSY TRANSACTION DATA,Engaged couple (wedding admin),Master planner / binder,entrant,4321860998,PaperieHeaven,6.21,450,CLEAN,ACTIVE,,"Wedding Checklist, Wedding Planning Checklist, Printable Wedding Checklist Templ"
EVERBEE ESTIMATE — NOT ETSY TRANSACTION DATA,Engaged couple (wedding admin),Master planner / binder,entrant,4311549837,ETDesignsIreland,10.22,352,CLEAN,FADING,,Digital Wedding Planner - Google Sheet Instant Download - Fully Customisable - W
EVERBEE ESTIMATE — NOT ETSY TRANSACTION DATA,Engaged couple (wedding admin),Master planner / binder,entrant,1836661694,TheBigExcelShop,1.75,256,REJECT,HISTORIC,,My Big Fat Desi Wedding Planner | Excel Spreadsheet | Instant Download | Sikh / 
