data_label,group,listing_id,shop,shop_age_months,listing_age_months,price,shop_total_sales,est_12mo_units,trend_12mo,active_months,listing_share_of_shop,reviews,entrant_status,format_title_only,mechanism_title_only,hero_claim_title_only,adhd_class,restart_or_low_energy_in_title,page_count,complaints,title
EVERBEE ESTIMATE — NOT ETSY TRANSACTION DATA,EXACT,4440940588,NeurodivergentHQ,10,8,$15.00,558,379,0 0 0 0 2 128 26 70 93 6 14 40,8,0.679,28,CLEAN,Fillable A4 PDF,Undated goal workbook; life audit + energy audit (tags),Start Anytime,NATIVE,YES (start anytime / anti-shame),UNVERIFIED (403),UNVERIFIED (403),Start Anytime ADHD Workbook | Undated Goal Setting | Fillable A4 PDF
EVERBEE ESTIMATE — NOT ETSY TRANSACTION DATA,EXACT,4474225910,FocusFlowDegi,6,1,$6.70,5,5,0 0 0 0 0 0 5 0 0 0 0 0,1,1.0,1,NONE,PDF,Goal setting planner + focus/productivity tracker,Shame-Free,NATIVE,PARTIAL (shame-free),UNVERIFIED (403),UNVERIFIED (403),"ADHD Goal Setting Planner for Neurodivergent Adults — Shame-Free | Executive Function Organizer, Focus and Productivity Tracker | PDF"
EVERBEE ESTIMATE — NOT ETSY TRANSACTION DATA,EXACT,4495991824,TemplateVaultHub,0,1,$5.84,0,0,0 0 0 0 0 0 0 0 0 0 0 0,0,0,0,NONE,Printable PDF,Goal setting planner + tracker,ADHD Goal Setting Planner,ADAPTED,NO,UNVERIFIED (403),UNVERIFIED (403),ADHD Goal Setting Planner | Printable Adult Tracker (PDF Download)
EVERBEE ESTIMATE — NOT ETSY TRANSACTION DATA,EXACT,1807870237,PlannersByBee,46,7,$5.94,"25,627",0,0 0 0 0 0 0 0 0 0 0 0 0,0,0.0,0,NONE,Printable,"Weekly goal planner, new-year goals, goal review",New Year Life Goals,BOLT-ON,NO,UNVERIFIED (403),UNVERIFIED (403),"ADHD Weekly Goal Planner 2025, New Year Life Goals, Goal Review Goal tracker, Goal setting, week Goals journal, Goal plan setting prompts"
EVERBEE ESTIMATE — NOT ETSY TRANSACTION DATA,EXACT,4538664912,PsychBlueprints,18,3,$8.36,493,70,0 0 0 0 0 0 0 0 0 0 70 0,1,0.142,1,NONE,Excel,"Life system: habits, goals, time lab",ADHD Life System,ADAPTED,NO,UNVERIFIED (403),UNVERIFIED (403),"ADHD Life System Planner | Habits, Goals, Time Lab (Excel Download)"
EVERBEE ESTIMATE — NOT ETSY TRANSACTION DATA,EXACT,4372860145,DragonHoardTemplates,14,13,$29.99,177,145,5 7 13 15 10 8 22 27 14 10 6 8,12,0.819,13,CLEAN,Notion,"Gamified RPG life OS: habits, goals, rewards",Gamified RPG,ADAPTED,NO,UNVERIFIED (403),UNVERIFIED (403),"2026 ADHD Notion Gamified RPG Template Digital Planner: Habit Tracking, Goal Setting, ADHD Planner, Reward Based, All in one system"
EVERBEE ESTIMATE — NOT ETSY TRANSACTION DATA,EXACT,1331622566,FutureADHD,122,47,$24.33,"60,752",235,38 54 58 55 6 8 8 2 2 3 0 1,11,0.004,409,WEAK,Digital planner (tablet),Dated planner + goal & habit tracker,ADHD Digital Planner,ADAPTED,NO,UNVERIFIED (403),UNVERIFIED (403),2026 + 2027 ADHD Digital Planner (Monochrome) Goal and Habit Tracker - Digital Download
EVERBEE ESTIMATE — NOT ETSY TRANSACTION DATA,EXACT,1751200137,plannwander,39,28,$26.00,395,12,4 3 1 1 0 0 2 1 0 0 0 0,6,0.03,11,NONE,Printable PDF,Gamified goal quest,ADHD Productivity Quest,ADAPTED,NO,UNVERIFIED (403),UNVERIFIED (403),Gamified Goal Planner | ADHD Productivity Quest (PDF Printable)
EVERBEE ESTIMATE — NOT ETSY TRANSACTION DATA,EXACT,4338845135,YourColorfulJourney,31,15,$11.16,"8,640",505,48 59 73 92 44 25 32 27 32 27 22 24,12,0.058,24,WEAK,Fillable PDF,Executive-function workbook bundle (multi-topic),Neuro-Affirming Tools,NATIVE,NO,UNVERIFIED (403),UNVERIFIED (403),"ADHD Workbook Bundle: Executive Function Toolkit for Adults, Neuro-Affirming Tools (Fillable PDF)"
EVERBEE ESTIMATE — NOT ETSY TRANSACTION DATA,EXACT,4333479096,SelfEmbark,57,15,$7.00,"8,506",96,0 16 32 0 12 0 0 36 0 0 0 0,4,0.011,20,NONE,PDF workbook,"Life systems: prep, flow, follow-through",Building Life Systems,NATIVE,PARTIAL (follow-through),UNVERIFIED (403),UNVERIFIED (403),"ADHD Workbook for Building Life Systems – Prep, Flow & Follow-Through"
EVERBEE ESTIMATE — NOT ETSY TRANSACTION DATA,EXACT,4525115768,PaperoxStd,19,4,$14.98,"17,485",238,0 0 0 0 0 0 0 0 4 64 14 156,4,0.014,7,WEAK,Printable PDF,ADHD planner + executive-function worksheets,ADHD Workbook for Teens Adults,ADAPTED,NO,UNVERIFIED (403),UNVERIFIED (403),"Printable ADHD Planner, ADHD Workbook for Teens Adults, Executive Function Worksheets, ADHD Toolkit, Adhd Worksheets, Emotional Regulation"
EVERBEE ESTIMATE — NOT ETSY TRANSACTION DATA,EXACT,4399348526,Templix8,13,11,$3.96,"4,727",255,0 0 17 0 17 0 17 51 82 37 17 17,8,0.054,15,CLEAN,Printable PDF,"Brain dump, task tracker, time blocking bundle",ADHD Brain Reset,ADAPTED,PARTIAL (reset = brain dump),UNVERIFIED (403),UNVERIFIED (403),"ADHD Brain Reset Bundle, ADHD Organization, Brain Dump Worksheet, ADHD Task Tracker, Adhd Focus Planner, Time Blocking, Mental Health Plan"
EVERBEE ESTIMATE — NOT ETSY TRANSACTION DATA,EXACT,4523178000,JiarnaDigital,5,4,$4.04,"1,130",15,0 0 0 0 0 0 0 0 0 10 3 2,3,0.013,1,NONE,Printable PDF,Mental declutter workbook + life organizer,ADHD Reset Planner,NATIVE,PARTIAL (overwhelm reset),UNVERIFIED (403),UNVERIFIED (403),ADHD Reset Planner Printable | Mental Declutter Workbook & Life Organizer PDF
EVERBEE ESTIMATE — NOT ETSY TRANSACTION DATA,EXACT,4521017598,JiarnaDigital,5,4,$4.04,"1,130",10,0 0 0 0 0 0 0 0 1 4 4 1,4,0.009,1,NONE,Printable PDF,Low-energy / burnout day planner,ADHD Low Energy Planner,NATIVE,YES (low-energy),UNVERIFIED (403),UNVERIFIED (403),ADHD Low Energy Planner | Burnout Recovery Printable PDF
EVERBEE ESTIMATE — NOT ETSY TRANSACTION DATA,EXACT,4519215685,TheEditReadyStudio,7,4,$6.00,"1,513",19,0 0 0 0 0 0 0 0 1 9 9 0,3,0.013,2,NONE,PDF,Shutdown / burnout recovery worksheet,ADHD Shutdown Recovery,NATIVE,YES (low-energy reset),UNVERIFIED (403),UNVERIFIED (403),"ADHD Shutdown Recovery, ADHD Burnout Worksheet for Adults, Executive Dysfunction Help, Low Energy Reset, Overwhelm Support PDF"
EVERBEE ESTIMATE — NOT ETSY TRANSACTION DATA,SUBSTITUTE,1782173723,SapphireCreationsAU,37,26,$5.21,"15,937",744,96 137 154 87 34 44 56 32 48 24 16 16,12,0.047,206,WEAK,Printable PDF,All-in-one ADHD planner pages,Adhd Planner Adult,BOLT-ON,NO,UNVERIFIED (403),UNVERIFIED (403),"Adhd Planner Adult, Adhd Planner Printable, ADHD Productivity Planner, adhd digital download, adhd daily planner, adhd life planner PDF"
EVERBEE ESTIMATE — NOT ETSY TRANSACTION DATA,SUBSTITUTE,1344352293,Digicarft,63,47,$16.99,"137,118","1,658",208 200 304 232 92 164 122 84 84 70 14 84,12,0.012,393,WEAK,Printable bundle,Ultimate life planner bundle,Ultimate Life planner,BOLT-ON,NO,UNVERIFIED (403),UNVERIFIED (403),"Ultimate Life planner bundle,2027 planner bundle,ADHD planner printable,Goal selfcare fitness reading budget,mom planner,2027 journal binder"
